時間戳記,攔轎地點,申冤內容
2016/10/15 下午 11:11:09,【新北市】,北北基颱風放假同步，九二沒共識，柯P不用負責嗎？
2016/10/16 上午 12:25:03,【新北市】,呼籲折翼賴神勿染指新北，高抬貴手放過新北市民們的觀光生計。
2016/10/16 上午 12:25:24,【花蓮縣】,小編沒查資料，令人髮指！
2016/10/16 上午 12:29:06,【南投縣】,我要吃日月潭茶葉蛋！魚池鄉長下台！
2016/10/16 上午 12:52:31,【南投縣】,說好的恐龍公園呢？請暴民不要阻擋南投擁有恐龍公園喔吼喔吼的權益！
2016/10/16 上午 12:53:26,【花蓮縣】,大藍轎～大藍轎～恕我的大藍
2016/10/16 上午 12:54:44,【新北市】,說好的三環三線呢？
2016/10/16 上午 12:55:47,【新竹縣】,無黨籍縣長還敢那麼囂張 明年不想選了嗎~
2016/10/16 上午 12:56:39,【新北市】,音地大帝沒有女朋友，這一定是阿共仔的陰謀
2016/10/16 上午 12:57:35,【新北市】,嗨
2016/10/16 上午 12:58:26,【花蓮縣】,上次去花蓮玩遇上了護家盟遊行，協辦單位居然是花蓮縣政府。縣府親力親為阿
2016/10/16 上午 12:58:30,【花蓮縣】,大藍轎～大藍轎～恕我的大藍轎（Let it go）
2016/10/16 上午 12:58:56,【新北市】,我要攔轎
2016/10/16 上午 12:59:33,【新北市】,你好
2016/10/16 上午 1:00:04,【新北市】,癢 o'_'o
2016/10/16 上午 1:00:51,【新北市】,我中和人後悔投柯P
2016/10/16 上午 1:01:00,【苗栗縣】,吃我蘭嬌
2016/10/16 上午 1:01:07,【苗栗縣】,我要樹懶覺
2016/10/16 上午 1:02:11,【新北市】,攔你妹
2016/10/16 上午 1:02:20,【新北市】,大攔轎可以給我好天氣嗎？
2016/10/16 上午 1:05:06,【花蓮縣】,支持柱柱姐的「九二共識，一中同表」，中華民國是唯一正統中國!
2016/10/16 上午 1:05:23,【新北市】,藍八！藍八！藍八！恕我大藍八！
2016/10/16 上午 1:05:31,【新北市】,茱莉輪踹共
2016/10/16 上午 1:06:11,【新北市】,除了主播之外的演員請敬業一點，盡量不要偷笑
2016/10/16 上午 1:06:35,【新北市】,你，藍到發光了嗎？
2016/10/16 上午 1:07:01,【新北市】,……踩到土條要去哪攔轎啦
2016/10/16 上午 1:07:37,【南投縣】,柱柱姐是中國國民黨的明燈，挺柱!
2016/10/16 上午 1:07:48,【連江縣】,片頭動畫竟然將擅自將中華民國疆域秋海棠的蒙古地方劃為獨立國家令人髮指！
2016/10/16 上午 1:07:59,【新北市】,我要攔轎視網膜好傲嬌太可愛了
2016/10/16 上午 1:08:06,【連江縣】,保衛臺海 光復大陸
2016/10/16 上午 1:08:32,【新北市】,狂狂狂狂狂
2016/10/16 上午 1:10:41,【台東縣】,林北台東人，超後悔投給柯p的
2016/10/16 上午 1:11:59,【新北市】,我的大攔轎遇到白海豚就轉彎了
2016/10/16 上午 1:13:18,【台東縣】,颱風不要再來啦!!!路克也不要來啦!!!! 我要去啦!!!!
2016/10/16 上午 1:14:08,【南投縣】,魚池鄉QQ
2016/10/16 上午 1:14:24,【花蓮縣】,好山好水好風光，為何還不更新
2016/10/16 上午 1:14:54,【花蓮縣】,林北花蓮人，花蓮王給我滾!!!
2016/10/16 上午 1:16:34,【新北市】,藍八以外的地方怎麼攔轎?
2016/10/16 上午 1:18:00,【新北市】,我剛選了地瓜甚麼時候會寄過來
2016/10/16 上午 1:19:11,【南投縣】,內地恕我大攔轎
2016/10/16 上午 1:19:21,【新北市】,這裡是台灣，不是中國唷揪咪，而我絕不道歉！
2016/10/16 上午 1:19:24,【南投縣】,內地恕我大攔轎
2016/10/16 上午 1:20:40,【新北市】,藍八 萬歲 藍八 萬歲
2016/10/16 上午 1:20:43,【新竹縣】,這正是九二共識讓這個幸福城市人畜興旺的鐵證
2016/10/16 上午 1:20:47,【金門縣】,恕！我！大！攔！轎！
2016/10/16 上午 1:20:49,【新北市】,拜託恕我大攔轎
2016/10/16 上午 1:20:55,【新北市】,2020唯一支持勝文 唯有勝文 勝過英文
2016/10/16 上午 1:22:10,【新竹縣】,這正是九二共識讓這個幸福城市人畜興旺的鐵證
2016/10/16 上午 1:22:30,【新北市】,香菜第一
2016/10/16 上午 1:24:38,【新北市】,恕鬼父攔轎 洗白鬼父城之污名！
2016/10/16 上午 1:25:28,【新北市】,九二共識，一中同表，反攻大陸，消滅共匪，中華民國萬歲!
2016/10/16 上午 1:26:05,【花蓮縣】,吃我大藍椒
2016/10/16 上午 1:26:22,【新北市】,做好做滿一定屌，含冤攔轎人不跑，中小學童吃不飽，只有荷包總是飽。
2016/10/16 上午 1:26:51,【南投縣】,天大地大藍八大，恕我大攔轎，福氣啦!
2016/10/16 上午 1:27:13,【花蓮縣】,藍八恕攔轎
2016/10/16 上午 1:27:18,【新北市】,恕我大攔轎
2016/10/16 上午 1:27:25,【新北市】,請增加學生的用餐時間，用餐時間真的太短而且吃不飽，去你的死肥朱
2016/10/16 上午 1:27:43,【新北市】,我的藍教好難受啊！
2016/10/16 上午 1:28:28,【新北市】,剪綵市長好久不見，趕快扶正侯友宜，宣揚藍八之首的光榮！
2016/10/16 上午 1:28:30,【新竹縣】,不要分那麼細，大家都是堂堂正正的ROChina人~藍八!挺柱!
2016/10/16 上午 1:28:35,【台東縣】,我們台東市攔轎之一怕了吧
2016/10/16 上午 1:28:53,【新北市】,我要恕欄叫
2016/10/16 上午 1:28:57,【新北市】,這一切都讓我感動到承認九二共識惹
2016/10/16 上午 1:30:38,【苗栗縣】,嗯
2016/10/16 上午 1:31:10,【南投縣】,藍八愛攔轎
2016/10/16 上午 1:31:32,【新北市】,竇娥冤
2016/10/16 上午 1:32:17,【新北市】,自從承認九二共識後我就學會星爆氣流斬了 感謝九二
2016/10/16 上午 1:32:26,【新竹縣】,藍八大攔轎
2016/10/16 上午 1:32:51,【新北市】,粒輪，你所去的剪綵活動沒有評分的必要，你還是磨練個87小時再來挑戰吧！
2016/10/16 上午 1:33:21,【新竹縣】,竹科裡面一堆台獨!!!
2016/10/16 上午 1:34:27,【新北市】,這個網頁好棒XD
2016/10/16 上午 1:34:48,【新北市】,三環三線 還沒上線 剪綵線卻都準時拉好拉滿
2016/10/16 上午 1:35:09,【新北市】,柱柱姊何時上表特???
2016/10/16 上午 1:35:37,【花蓮縣】,花蓮王！
2016/10/16 上午 1:35:55,【苗栗縣】,啊~啊~啊~啊~啊~啊啊愛
2016/10/16 上午 1:35:57,【新北市】,握草~礙粒嗑朱不恕我攔轎
2016/10/16 上午 1:36:43,【新竹縣】,縣長是誰啊~~~
2016/10/16 上午 1:37:22,【新竹縣】,請恕我攔轎申冤
2016/10/16 上午 1:38:30,【新北市】,統一中國，趕走萬惡共匪
2016/10/16 上午 1:39:52,【新北市】,大人饒命啊
2016/10/16 上午 1:40:05,【新北市】,恕我大攔轎 恕我大攔轎 恕我大攔轎 恕我大攔轎 恕我大攔轎 
2016/10/16 上午 1:40:09,【新北市】,新北市晚上不開路燈ㄟ 朱立倫挖幹您娘
2016/10/16 上午 1:40:31,【新北市】,恕我大攔轎 恕我大攔轎 恕我大攔轎 恕我大攔轎 恕我大攔轎 
2016/10/16 上午 1:40:32,【新北市】,朱立倫束我攔轎
2016/10/16 上午 1:41:28,【新北市】,國民黨阿~說好的一年準備、兩年反攻、三年掃蕩、五年成功呢！
2016/10/16 上午 1:41:33,【新北市】,......新北不意外
2016/10/16 上午 1:41:49,【新北市】,=_________________________________=
2016/10/16 上午 1:41:52,【苗栗縣】,國民黨的耶路撒冷，媲美希臘的民主聖地。
2016/10/16 上午 1:42:44,【新竹縣】,可以不要在我們這邊跳傘嗎? 新竹風大，會跳歪
2016/10/16 上午 1:43:52,【花蓮縣】,雜碎
2016/10/16 上午 1:46:32,【花蓮縣】,中客不要來花蓮！
2016/10/16 上午 1:49:19,【新北市】,要求光復香港淪陷區，恢復行憲！
2016/10/16 上午 1:51:24,【新北市】,可以 這很攔轎
2016/10/16 上午 1:51:47,【金門縣】,幫 QQ
2016/10/16 上午 1:52:01,【新北市】,怒怒怒
2016/10/16 上午 1:52:51,【連江縣】,視網膜我愛你
2016/10/16 上午 1:53:00,【新北市】,"別再出現""被""都更拉！"
2016/10/16 上午 1:53:47,【花蓮縣】,恩。
2016/10/16 上午 1:53:52,【新北市】,我要道歉 因為破夜斬X你的名字的MAD影片後以為你的名字是個台獨動畫 
2016/10/16 上午 1:56:19,【連江縣】,媽我在這
2016/10/16 上午 2:01:42,【南投縣】,說好的中部鐵路高架化變了調
2016/10/16 上午 2:01:44,【台東縣】,卑南鄉長是民進黨籍的，豬血湯沒有九二共識的味道拒喝！
2016/10/16 上午 2:03:23,【新北市】,柱柱姊是中國國民黨的綺拉奈特莉 <3
2016/10/16 上午 2:05:43,【新北市】,朱立倫淡水輕軌勘災用視訊。剪綵就現場、勘災就視訊，要我們怎麼攔轎？
2016/10/16 上午 2:06:56,【新北市】,喵歐
2016/10/16 上午 2:12:55,【南投縣】,台灣的內地是南投！！！
2016/10/16 上午 2:13:51,【新北市】,雙北市市長不是不承認九二共識嗎(ﾟ3ﾟ)
2016/10/16 上午 2:15:08,【花蓮縣】,嗯尛
2016/10/16 上午 2:15:09,【新北市】,三環三線，沒有極限
2016/10/16 上午 2:18:47,【花蓮縣】,臺灣獨立一定要獨立阿，別讓日本人以前在花蓮的耕耘白費壓
2016/10/16 上午 2:20:07,【新北市】,一個攔轎恕不夠 可以恕兩個嗎？
2016/10/16 上午 2:20:31,【新北市】,有推薦美食嗎?
2016/10/16 上午 2:23:00,【新北市】,全國最大的美女裸聊接待中心上線啦
2016/10/16 上午 2:22:33,【花蓮縣】,怎摸是要自己查QAQ
2016/10/16 上午 2:25:41,【新北市】,剛泡好咖啡，對著電腦，路上無車無人，夜深無聲。
2016/10/16 上午 2:27:04,【新北市】,幹 太有哽了 利害 我洗番
2016/10/16 上午 2:27:41,【新竹縣】,中華民國萬歲
2016/10/16 上午 2:28:04,【新北市】,視網膜太帥 在他面前九二共識什麼都不是
2016/10/16 上午 2:28:20,【新北市】,砂石輪恕我攔轎!!!
2016/10/16 上午 2:28:54,【新北市】,三環三線一邊蓋還會倒塌 還我公平正直善良的剪裁市長
2016/10/16 上午 2:30:40,【新北市】,好！
2016/10/16 上午 2:30:57,【新北市】,請柯P道歉剪綵找不到市長，沒有九二共識，不讓災胞來吃茶葉蛋，沒有愛心。
2016/10/16 上午 2:31:31,【新北市】,動眼神經我的
2016/10/16 上午 2:32:18,【連江縣】,唯一支持眼球中央電視台
2016/10/16 上午 2:34:33,【新北市】,天龍邊緣人超後悔投給柯P
2016/10/16 上午 2:35:19,【新竹縣】,貢丸好吃，快來吃！
2016/10/16 上午 2:38:57,【新北市】,兩岸同屬一中
2016/10/16 上午 2:46:00,【苗栗縣】,油桐花不是原生種，別再種啦！！！
2016/10/16 上午 2:52:19,【新北市】,藍光一閃，整個台北縣消失了。
2016/10/16 上午 2:53:18,【新北市】,給我恕 好嗎
2016/10/16 上午 2:55:56,【苗栗縣】,我要為石虎申冤，恕我大攔轎！！石虎沒有92共識，不配住在苗栗！
2016/10/16 上午 2:56:20,【新北市】,我交不到女朋友 因為陸客不來了
2016/10/16 上午 3:02:22,【新北市】,95共識，ROChina是世界上唯一合法、正統中國
2016/10/16 上午 3:03:00,【新竹縣】,謝謝你9527
2016/10/16 上午 3:23:13,【新北市】,因為陸客不來，都使不出星爆氣流斬。
2016/10/16 上午 3:23:36,【花蓮縣】,嗯⋯⋯查到了沒？
2016/10/16 上午 3:24:11,【金門縣】,我要跟視網膜一起到金門砲台上
2016/10/16 上午 3:31:29,【新北市】,蘆洲怎麼屁孩這麼多？
2016/10/16 上午 3:35:59,【新北市】,協尋失者   - 侏市長
2016/10/16 上午 3:44:43,【新竹縣】,快給我大攔轎，喔不，我是說快含我攔轎
2016/10/16 上午 3:44:54,【花蓮縣】,恩恩?
2016/10/16 上午 3:46:54,【連江縣】,攔藍轎，爛欄轎!
2016/10/16 上午 3:55:33,【新北市】,皇上！請您給賜酒與小人一飲啊！
2016/10/16 上午 3:56:37,【新北市】,找不到市長
2016/10/16 上午 4:01:16,【新北市】,請包大人恕我攔轎
2016/10/16 上午 4:06:53,【花蓮縣】,花蓮縣是在嗯三小? 我們可是後山民主聖地耶
2016/10/16 上午 4:23:07,【金門縣】,强烈谴责对岸匪区非法政权对我同胞毫无人道的残酷无情的天怒人怨的专制统治
2016/10/16 上午 4:28:28,【連江縣】,92共識
2016/10/16 上午 4:41:56,【新北市】,颱風一直來~~~
2016/10/16 上午 4:52:18,【新北市】,市長人ㄋ
2016/10/16 上午 5:24:44,【花蓮縣】,恩
2016/10/16 上午 5:41:54,【新北市】,吃好吃滿
2016/10/16 上午 6:02:13,【新北市】,太早上學
2016/10/16 上午 6:06:17,【台東縣】,安安安安安安
2016/10/16 上午 6:21:01,【南投縣】,堂堂正正中华民国台湾南投県人在此申冤还我大懒叫
2016/10/16 上午 6:23:42,【金門縣】,藍八大攔轎
2016/10/16 上午 6:31:33,【新北市】,"看到“”藍八“”就火大，為一己之私出賣台灣  ，高層""A""夠已離台。"
2016/10/16 上午 6:35:15,【新北市】,發生公安事故，市長柯文哲顧著剪綵不勘災，令人髮指出來道歉!
2016/10/16 上午 6:52:00,【新北市】,朱立輪還在當，好煩!
2016/10/16 上午 7:14:12,【新北市】,恕我大攔轎
2016/10/16 上午 7:14:22,【花蓮縣】,嗯。
2016/10/16 上午 7:15:14,【花蓮縣】,為什麼只有“嗯。”！？
2016/10/16 上午 7:36:29,【新北市】,視網膜我愛你，你什麼時候跟東眼神經
2016/10/16 上午 7:37:11,【新北市】,視網膜我愛你，你啥時跟動眼神經分手啊？
2016/10/16 上午 7:41:00,【新北市】,媽我上新聞了~
2016/10/16 上午 7:54:37,【新北市】,"其實，""藍八""就是""攔轎""啊，懶芭=懶叫。不是嗎？"
2016/10/16 上午 8:06:01,【南投縣】,怎麼沒有宿藍八資訊
2016/10/16 上午 8:07:21,【新竹縣】,哪裡可以安心宿藍八？
2016/10/16 上午 8:14:59,【新北市】,靠腰喔
2016/10/16 上午 8:33:00,【新北市】,林涼咧我也要大攔轎
2016/10/16 上午 8:34:05,【新北市】,新北市沒有市長，柯文哲不用負責嗎？
2016/10/16 上午 8:34:20,【花蓮縣】,我不敢問
2016/10/16 上午 8:47:29,【苗栗縣】,歡迎到有希臘之稱的苗栗縣旅遊
2016/10/16 上午 8:51:30,【苗栗縣】,劉縣長的觀光景點有泰安鄉的歡正溫泉，來享受當官的福利。
2016/10/16 上午 8:51:58,【苗栗縣】,不恕
2016/10/16 上午 8:55:12,【新北市】,我是彰師張任博，恕我攔轎好ㄇ
2016/10/16 上午 8:55:07,【新北市】,Near to my home.
2016/10/16 上午 8:56:10,【花蓮縣】,靠靠靠
2016/10/16 上午 8:56:26,【金門縣】,金門大懶覺
2016/10/16 上午 8:56:54,【新北市】,何時可反攻？等不及了．
2016/10/16 上午 9:04:30,【花蓮縣】,你是在大聲嗯什麼啦？
2016/10/16 上午 9:08:30,【新北市】,應該要有靠北專區
2016/10/16 上午 9:11:52,【新竹縣】,支那客最好不要從新竹市路過
2016/10/16 上午 9:13:42,【新北市】,歡迎來新北，我們有很多鬼父
2016/10/16 上午 9:17:04,【新北市】,恕攔轎
2016/10/16 上午 9:22:42,【新北市】,這什麼鬼wwwww
2016/10/16 上午 9:24:56,【花蓮縣】,山很多 海很多好嗎…
2016/10/16 上午 9:27:19,【連江縣】,嗯
2016/10/16 上午 9:27:36,【新北市】,無聊
2016/10/16 上午 9:29:00,【台東縣】,前陣子的風雨讓台東好慘啊酒餓共食在哪裡
2016/10/16 上午 9:29:35,【新北市】,習習，恕我大攔轎！含部長有找。快去含部長那裡！
2016/10/16 上午 9:30:40,【新北市】,民進黨去死辣
2016/10/16 上午 9:30:41,【南投縣】,滾開
2016/10/16 上午 9:34:07,【苗栗縣】,這是在玩什麼啦！XD
2016/10/16 上午 9:35:17,【新北市】,KMT是北七
2016/10/16 上午 9:35:40,【新北市】,KMT是腦殘
2016/10/16 上午 9:38:04,【南投縣】,我是南投人，台灣內地在南投！
2016/10/16 上午 9:40:09,【新北市】,請恕我攔轎
2016/10/16 上午 9:40:29,【新北市】,阿倫啊，不要再剪彩了！
2016/10/16 上午 9:45:47,【南投縣】,路易尚毅FULUYEE，隨喜讚嘆功德圓滿
2016/10/16 上午 9:50:46,【新北市】,攔轎不揪的
2016/10/16 上午 9:53:55,【新北市】,馬上統一 馬上好 相信英九統一九九
2016/10/16 上午 9:54:10,【新北市】,支持新北併入超北市⋯⋯
2016/10/16 上午 9:55:21,【新北市】,.......         來人呀! 剪綵啦!!!
2016/10/16 上午 9:58:25,【連江縣】,澎湖反賭成功~
2016/10/16 上午 10:00:07,【新北市】,朱立倫做好做滿
2016/10/16 上午 10:01:06,【花蓮縣】,嗯。
2016/10/16 上午 10:02:01,【新北市】,攔轎專線:0800 408 408(樹林北 樹林北)
2016/10/16 上午 10:04:00,【新北市】,媽 我上電視了~~~
2016/10/16 上午 10:04:40,【花蓮縣】,沒有內容阿！！！
2016/10/16 上午 10:05:43,【新北市】,副市長別再cosplay市長了！
2016/10/16 上午 10:06:23,【新北市】,我不要恕攔轎啊啊啊
2016/10/16 上午 10:07:44,【苗栗縣】,馬的
2016/10/16 上午 10:08:11,【苗栗縣】,苦
2016/10/16 上午 10:08:42,【新北市】,你才攔轎你全家都攔轎
2016/10/16 上午 10:11:50,【新北市】,市長只會剪綵
2016/10/16 上午 10:16:36,【花蓮縣】,花蓮今年颱風太多了，這一切都是阿共仔的陰謀啦!!!!
2016/10/16 上午 10:18:42,【花蓮縣】,嗯什麼嗯啦官媒不要打混好嗎
2016/10/16 上午 10:25:14,【新北市】,馬路沒有人行道
2016/10/16 上午 10:25:33,【新北市】,老朱不再為北基宜剪綵通車了! 
2016/10/16 上午 10:26:52,【南投縣】,中華民國的內地不是南投，但是台灣的內地的確是南投啊！
2016/10/16 上午 10:27:15,【新竹縣】,自從陸客不來之後，我都不知道該怎麼教小孩了 BY 流亡倭寇地區的小翔
2016/10/16 上午 10:28:54,【南投縣】,全中國最大的恐龍公園咧
2016/10/16 上午 10:31:30,【台東縣】,最近去臺東感覺風景和空氣都變清新了呢
2016/10/16 上午 10:33:09,【新北市】,為什麼連官網都沒有就先出這個！幹得好！(咦
2016/10/16 上午 10:33:53,【花蓮縣】,花蓮查完了嗎
2016/10/16 上午 10:35:43,【新北市】,為什么市長是柯文哲？不是叫朱什么的吗？
2016/10/16 上午 10:35:46,【花蓮縣】,去中國旅遊要先申辦花胞證喔（啾咪）
2016/10/16 上午 10:35:53,【新北市】,哈哈哈
2016/10/16 上午 10:37:08,【南投縣】,很蚌
2016/10/16 上午 10:38:03,【新北市】,國民黨萬歲!!!!
2016/10/16 上午 10:38:38,【新北市】,嗯。
2016/10/16 上午 10:41:37,【台東縣】,感恩渐停 赞叹渐停
2016/10/16 上午 10:42:30,【新北市】,板橋東門街早餐都跟屎一樣難吃
2016/10/16 上午 10:43:04,【台東縣】,陸客不來了，飯店都要倒光了。
2016/10/16 上午 10:44:42,【苗栗縣】,劉政鴻萬歲萬萬歲，在台灣看見希臘，超國際化的啊
2016/10/16 上午 10:45:12,【花蓮縣】,"花蓮為何只有一個""嗯""?"
2016/10/16 上午 10:47:18,【新北市】,垃圾藍太多
2016/10/16 上午 10:47:27,【新北市】,我愛朱朱>////<
2016/10/16 上午 10:51:16,【新北市】,恕我攔轎
2016/10/16 上午 10:52:32,【新北市】,轎好大
2016/10/16 上午 10:55:01,【新北市】,😞
2016/10/16 上午 10:57:59,【花蓮縣】,身為我大中華民國的官媒，竟然沒有查好資料就放上網，請你道歉
2016/10/16 上午 10:59:50,【新北市】,市長到底姓朱還是姓侯？我到現在還是搞不清楚
2016/10/16 上午 11:04:48,【南投縣】,沒有什麼獎學金可以申請的樣子 還有公務人員推電話很快還有有點高姿態
2016/10/16 上午 11:06:55,【新北市】,最近哪裡有剪綵
2016/10/16 上午 11:08:39,【花蓮縣】,獨立啦 叛亂啦 
2016/10/16 上午 11:10:04,【花蓮縣】,參觀傅皇居
2016/10/16 上午 11:11:56,【南投縣】,所以可ˇ伸冤嗎 
2016/10/16 上午 11:11:57,【花蓮縣】,藍藍香，不一樣。
2016/10/16 上午 11:12:12,【花蓮縣】,藍藍香，不一樣。
2016/10/16 上午 11:12:32,【花蓮縣】,👻👻👻
2016/10/16 上午 11:13:29,【南投縣】,南投要有捷運才可以讓年輕人回來不外流
2016/10/16 上午 11:15:01,【新北市】,喔
2016/10/16 上午 11:15:28,【花蓮縣】,僅一個“嗯”字是有事嗎
2016/10/16 上午 11:16:32,【新北市】,立倫 束束看啊
2016/10/16 上午 11:17:03,【南投縣】,人人都是內地人
2016/10/16 上午 11:23:33,【金門縣】,"反共抗俄,增產報國"
2016/10/16 上午 11:24:40,【新北市】,中華民國　中華民國　千秋萬世 直到永遠
2016/10/16 上午 11:26:41,【花蓮縣】,"為什麼花蓮的介紹只有""嗯""!!"
2016/10/16 上午 11:29:12,【花蓮縣】,ㄘ我大----X轎
2016/10/16 上午 11:29:37,【新北市】,Hahaha 
2016/10/16 上午 11:30:26,【新北市】,( ͡° ͜ʖ ͡°)
2016/10/16 上午 11:30:46,【新北市】,淡江大橋遲遲不完工，我置產的鬼城新市鎮房價一直跌，誰來賠償？
2016/10/16 上午 11:31:21,【花蓮縣】,視網膜我愛你！
2016/10/16 上午 11:33:03,【南投縣】,我內地人
2016/10/16 上午 11:35:59,【苗栗縣】,阿斯斯斯斯斯斯斯斯～～～～～～～～～～～～～～
2016/10/16 上午 11:38:26,【新竹縣】,人們快要餓死了，因為陸客不來了
2016/10/16 上午 11:43:41,【新竹縣】,邱縣長，恕我攔轎~
2016/10/16 上午 11:44:47,【新北市】,做好做滿
2016/10/16 上午 11:45:05,【新北市】,幹，我沒投朱立倫啊！
2016/10/16 上午 11:45:15,【新北市】,92共屎不能亡！
2016/10/16 上午 11:45:29,【南投縣】,GG惹
2016/10/16 上午 11:45:55,【花蓮縣】,港邊仰仰，攔截
2016/10/16 上午 11:47:19,【南投縣】,藍投難投
2016/10/16 上午 11:47:41,【新北市】,啊 我不住新北
2016/10/16 上午 11:47:49,【新北市】,做好做滿
2016/10/16 上午 11:49:26,【新北市】,幹，我沒投朱立倫啊！
2016/10/16 上午 11:50:43,【新北市】,啊啊啊啊歡迎大中國同胞參訪海島景觀～
2016/10/16 上午 11:51:13,【花蓮縣】,我們是正藍軍！！！
2016/10/16 上午 11:51:35,【台東縣】,視網膜～～恕我攔轎～～阿斯斯～～其～斤～
2016/10/16 上午 11:54:55,【連江縣】,689
2016/10/16 上午 11:56:15,【新北市】,我不要剪綵王！
2016/10/16 上午 11:56:58,【新北市】,央視怎麼可以停播！太沒有競爭力了！快出來道歉！
2016/10/16 上午 11:57:51,【新北市】,出來道歉
2016/10/16 上午 11:58:02,【新北市】,可以不要再把我們和台北市搞錯了嗎OHO)=3我們才有九二共識唷啾咪
2016/10/16 上午 11:59:54,【新北市】,朱皇萬歲萬歲萬萬歲
2016/10/16 下午 12:04:29,【新北市】,我們的市長不是侯友宜嗎?
2016/10/16 下午 12:05:12,【南投縣】,在日月潭工作，總是被問“陸客不來生意很差不齁”。。。。甘你屁事！！！
2016/10/16 下午 12:05:16,【新北市】,徵女友
2016/10/16 下午 12:05:31,【新北市】,視大主播，恕我攔轎！！
2016/10/16 下午 12:08:18,【連江縣】,視網膜～～恕我大攔轎～～阿斯⋯⋯阝⋯可⋯⋯⋯其⋯斤⋯⋯⋯⋯
2016/10/16 下午 12:08:31,【新北市】,市長柯P下台!!!
2016/10/16 下午 12:12:36,【花蓮縣】,花蓮是沉默的後山，即使不堪負荷仍繼續接客
2016/10/16 下午 12:14:28,【新竹縣】,想放假....
2016/10/16 下午 12:17:55,【花蓮縣】,我認同九二共屎!我好藍~恕我欄轎~!
2016/10/16 下午 12:18:28,【南投縣】,南投蓋賭場才是正解
2016/10/16 下午 12:19:31,【新北市】,xdddd
2016/10/16 下午 12:21:02,【花蓮縣】,包大人 請恕我攔轎
2016/10/16 下午 12:21:27,【新北市】,Gg
2016/10/16 下午 12:23:00,【新竹縣】,新竹縣的藍八照片在哪裡？確定是在九二共識的結界內嗎？
2016/10/16 下午 12:23:01,【新北市】,你今天攔轎了沒？
2016/10/16 下午 12:27:52,【新北市】,歡迎來本市三重區與8+9同樂
2016/10/16 下午 12:29:47,【苗栗縣】,民主聖地
2016/10/16 下午 12:35:03,【連江縣】,連江縣又稱馬祖，是由四鄉五島所組成，請勿把南竿視為整體謝謝
2016/10/16 下午 12:36:38,【新北市】,午安
2016/10/16 下午 12:36:40,【花蓮縣】,負縣長，別鬧啦!!!!
2016/10/16 下午 12:36:54,【新北市】,朱皇萬歲萬歲萬萬歲～
2016/10/16 下午 12:39:58,【新北市】,板橋區四維公園狗屎多，遊民聚集踩狗屎，為遊民爭取無狗屎的宜居公園請命！
2016/10/16 下午 12:41:47,【新北市】,倫倫恕我攔轎！！！！！
2016/10/16 下午 12:46:26,【花蓮縣】,還我花蓮綠山藍水，拒絕飯店開採
2016/10/16 下午 12:53:15,【新北市】,你的名字超好看！朱立倫你要怎麼負責呢？
2016/10/16 下午 12:59:58,【花蓮縣】,嗯
2016/10/16 下午 1:21:01,【新北市】,有土條
2016/10/16 下午 6:48:30,【新北市】,台獨
2016/10/16 上午 4:57:05,【苗栗縣】,可以不要隨便浪費才能嗎  XDDD
2016/10/16 上午 5:00:19,【花蓮縣】,可惡的匪幫縣市長   快來恕我攔轎
2016/10/16 上午 5:00:22,【花蓮縣】,作業簿封面是偉大的人民父母官！
2016/10/16 上午 5:00:56,【苗栗縣】,劉政鴻下台！！！
2016/10/16 上午 5:01:19,【新北市】,沒有92共識沒攔轎，92共識喊攔轎
2016/10/16 上午 5:01:48,【新北市】,吃飯
2016/10/16 上午 5:02:28,【苗栗縣】,匪幫
2016/10/16 上午 5:03:01,【金門縣】,823砲戰真的是白打了   
2016/10/16 上午 5:03:11,【連江縣】,馬祖～ㄏㄞㄉㄜㄍㄨㄒㄧㄤˇ
2016/10/16 上午 5:03:35,【連江縣】,可惡
2016/10/16 上午 5:03:46,【新北市】,藍八太大怎麼辦！！！！
2016/10/16 上午 5:04:30,【新北市】,剪綵大王哈哈哈哈哈哈哈哈
2016/10/16 上午 5:04:39,【花蓮縣】,可惡的匪幫縣市長   快來恕我攔轎
2016/10/16 上午 5:05:43,【花蓮縣】,幹
2016/10/16 上午 5:06:34,【新北市】,市長人呢？
2016/10/16 上午 5:07:06,【新竹縣】,我現在找不到工作，柱柱姊妳說，暴力小英不用負責嗎？！
2016/10/16 上午 5:07:50,【新北市】,後悔投柯P
2016/10/16 上午 5:08:14,【新北市】,藍八哪裡買的到金刀水母巧克力
2016/10/16 上午 5:10:07,【苗栗縣】,劉政鴻吃大便
2016/10/16 上午 5:10:08,【新北市】,ㄝ
2016/10/16 上午 5:10:19,【連江縣】,馬祖超好玩der
2016/10/16 上午 5:11:48,【連江縣】,嗯
2016/10/16 上午 5:12:57,【新北市】,Taiwan No.1
2016/10/16 上午 5:13:27,【新北市】,終於出太陽了
2016/10/16 上午 5:14:35,【新北市】,快溯我藍叫～
2016/10/16 上午 5:14:58,【新北市】,想吃阿給~~~~~~
2016/10/16 上午 5:16:00,【花蓮縣】,會出現什麼呢ＸＤ
2016/10/16 上午 5:16:29,【台東縣】,奇怪
2016/10/16 上午 5:17:53,【苗栗縣】,我要寫個慘
2016/10/16 上午 5:19:23,【新北市】,藍八縣長
2016/10/16 上午 5:24:36,【新北市】,64
2016/10/16 上午 5:26:29,【新北市】,穴穴
2016/10/16 上午 5:29:03,【金門縣】,Hi
2016/10/16 上午 5:29:31,【南投縣】,哈
2016/10/16 上午 5:29:40,【花蓮縣】,為什麼花蓮縣沒有啊 虧對我們承認九二共識的好國民
2016/10/16 上午 5:31:26,【新北市】,九二共食 災胞別搶食
2016/10/16 上午 5:31:40,【新竹縣】,網膜恕我攔轎
2016/10/16 上午 5:32:27,【新北市】,我愛中華我愛中華
2016/10/16 上午 5:39:44,【苗栗縣】,苗栗早就獨立了
2016/10/16 上午 5:39:59,【花蓮縣】,百度不到，可以GOOGLE嗎?
2016/10/16 上午 5:40:30,【新北市】,新北市長剪彩剪到我欄轎
2016/10/16 上午 5:40:58,【新北市】,三環三線，夢裡相見，我準備好了！（躺
2016/10/16 上午 5:41:14,【南投縣】,豪華欄轎行程
2016/10/16 上午 5:41:42,【新北市】,核廢料放我家！！！
2016/10/16 上午 5:42:58,【新北市】,QQ
2016/10/16 上午 5:45:08,【新北市】,攔轎好好吃^Q^
2016/10/16 上午 5:46:37,【新北市】,聽視網膜的聲音會懷孕
2016/10/16 上午 5:47:18,【新北市】,嗯
2016/10/16 上午 5:48:16,【連江縣】,視網膜～～恕我大攔轎～～阿斯⋯⋯阝⋯可⋯⋯⋯其⋯斤⋯⋯⋯⋯
2016/10/16 上午 5:50:53,【南投縣】,太好笑啦
2016/10/16 上午 5:54:56,【新北市】,還我牛!
2016/10/16 上午 5:56:07,【新北市】,呵呵
2016/10/16 上午 5:56:49,2016/10/16 上午 5:56:49,2016/10/16 上午 5:56:49
2016/10/16 上午 5:57:06,【苗栗縣】,@@
2016/10/16 上午 5:59:13,【苗栗縣】,哈哈
2016/10/16 上午 5:59:14,【花蓮縣】,嗯。
2016/10/16 上午 5:59:15,【新北市】,太有才了！
2016/10/16 上午 5:59:31,【新竹縣】,幹
2016/10/16 上午 6:00:09,【新北市】,鷹酒恕我攔轎
2016/10/16 上午 6:00:20,【花蓮縣】,嗯？
2016/10/16 上午 6:00:33,【台東縣】,天然熱帶氣旋藍八團優惠中
2016/10/16 上午 6:00:44,【台東縣】,懶覺
2016/10/16 上午 6:00:59,【連江縣】,去馬祖看藍眼淚，藍到發光吧！
2016/10/16 上午 6:02:01,【新北市】,我愛主播
2016/10/16 上午 6:02:44,【新竹縣】,顆顆
2016/10/16 上午 6:04:54,【新北市】,978978778
2016/10/16 上午 6:08:11,【新北市】,三環三線 攔轎實現
2016/10/16 上午 6:08:20,【花蓮縣】,查一下XD
2016/10/16 上午 6:09:21,【花蓮縣】,科科
2016/10/16 上午 6:09:34,【金門縣】,哭哭喔
2016/10/16 上午 6:10:09,【新北市】,"我要舉發,央視主播怠忽職守，以台獨勢力日趨氾濫。致"
2016/10/16 上午 6:10:19,【新北市】,潮爽der~撿到yeeee百塊~~
2016/10/16 上午 6:10:50,【新北市】,剪綵
2016/10/16 上午 6:11:08,【新北市】,"三環三線,夢裡相見"
2016/10/16 上午 6:12:36,【新北市】,常威！你不是說你不會武功？！
2016/10/16 上午 6:13:22,【新北市】,召喚市長請使用彩帶和剪刀
2016/10/16 上午 6:13:34,【新北市】,藍八以外議員也有藍的，不經過他們會生氣
2016/10/16 上午 6:15:17,【新竹縣】,我看穿了你們反諷中華文化，真正的中華民國會揭穿你們的假面具。
2016/10/16 上午 6:15:37,【新北市】,欄轎好吃^Q^
2016/10/16 上午 6:16:27,【新北市】,淡水阿嬤開示淡水輕軌應請柱姊加持混凝土柱體，以免憾事重演。
2016/10/16 上午 6:18:05,【苗栗縣】,苗栗共和國萬歲
2016/10/16 上午 6:18:14,【花蓮縣】,恩
2016/10/16 上午 6:19:43,【新北市】,XD
2016/10/16 上午 6:20:20,【新北市】,牽手護欄轎\(￣︶￣)/╰ひ╯\(￣︶￣)/
2016/10/16 上午 6:22:06,【新北市】,教練 我好想剪綵
2016/10/16 上午 6:23:52,【新北市】,給我女朋友
2016/10/16 上午 6:24:07,【南投縣】,牽手護欄轎\(￣︶￣)/╰ひ╯\(￣︶￣)/
2016/10/16 上午 6:24:29,【金門縣】,689
2016/10/16 上午 6:24:48,【新北市】,yeeeeeeeeeeeeeeeeeeeeeeeeeeeeeeeeee
2016/10/16 上午 6:26:07,【新北市】,ㄘ我的屌啦！
2016/10/16 上午 6:26:27,【連江縣】,媽我在這裡
2016/10/16 上午 6:27:43,【南投縣】,來到這裡需要跳傘嗎
2016/10/16 上午 6:27:57,【新北市】,朱副市長 用剪刀解放匪區吧
2016/10/16 上午 6:29:02,【花蓮縣】,到花東跳傘囉
2016/10/16 上午 6:29:20,【南投縣】,都選不到南投真的太看不起內地了，太藍八了
2016/10/16 上午 6:31:37,【金門縣】,縣民民智未開
2016/10/16 上午 6:32:20,【花蓮縣】,幹 好歹給個面子
2016/10/16 上午 6:32:26,【南投縣】,台灣的內地是南投。
2016/10/16 上午 6:33:30,【新竹縣】,擺好剪綵道具，召喚市長
2016/10/16 上午 6:34:13,【新北市】,狂 阿嬤跟我說要來這講講話
2016/10/16 上午 6:35:27,【台東縣】,膜膜我愛你 <3
2016/10/16 上午 6:37:12,【新北市】,剪刀不見了
2016/10/16 上午 6:37:51,【花蓮縣】,幹，摁三小
2016/10/16 上午 6:39:28,【新北市】,藍八大攔轎
2016/10/16 上午 6:39:50,【花蓮縣】,幹!嗯屁嗯!
2016/10/16 上午 6:41:16,【連江縣】,泡泡奧胖
2016/10/16 上午 6:46:22,【新北市】,視網膜好帥😘😘😘
2016/10/16 上午 6:47:26,【新北市】,媽我上電視了！快看這大攔轎
2016/10/16 上午 6:48:54,【新北市】,毛子囉囉到此一遊
2016/10/16 上午 6:51:28,【新竹縣】,攔轎攔轎攔攔轎
2016/10/16 上午 6:54:45,【花蓮縣】,我好冤啊
2016/10/16 上午 6:57:33,【新北市】,三重人到此一遊
2016/10/16 上午 6:58:36,【新北市】,我愛諸麗輪
2016/10/16 上午 6:58:43,【新竹縣】,美食沙漠，小吃跟糞一樣
2016/10/16 上午 6:59:15,【新竹縣】,喲
2016/10/16 上午 6:59:23,【花蓮縣】,高雄人無法攔轎，深感悲糞
2016/10/16 上午 7:01:09,【新北市】,恕我大攔轎啦～大攔轎
2016/10/16 上午 7:01:13,【新北市】,我好想要一个台湾姑娘
2016/10/16 上午 7:03:53,【金門縣】,反攻复国，先给灾胞以尊严和阳光。
2016/10/16 上午 7:05:26,【新北市】,要姑娘那位，我也想，最好是美丽岛的秘密里小湾那一种。
2016/10/16 上午 7:05:54,【新北市】,ㄎㄎ
2016/10/16 上午 7:07:02,【新北市】,朱朱  我愛你的禿頭!!!
2016/10/16 上午 7:07:19,【新北市】,請問副市長何時升任市長?
2016/10/16 上午 7:07:27,【花蓮縣】,好山好水好攔轎
2016/10/16 上午 7:09:05,【新竹縣】,明明麥當勞的薯條就很好吃，美食沙漠你妹
2016/10/16 上午 7:09:33,【新北市】,寶橋路食物太少
2016/10/16 上午 7:10:35,【新北市】,阿罵 那妳怎麼沒感覺
2016/10/16 上午 7:10:52,【花蓮縣】,說好的好山好水呢？
2016/10/16 上午 7:12:02,【金門縣】,歡迎大家來金門旅遊
2016/10/16 上午 7:14:23,【新北市】,啥?
2016/10/16 上午 7:15:18,【新北市】,請問接下來兩年的剪踩地方在哪邊？
2016/10/16 上午 7:15:59,【新北市】,我還以為新北市和台北縣併了呢
2016/10/16 上午 7:18:58,【新北市】,剪綵囉
2016/10/16 上午 7:20:39,【新北市】,新北市蘆洲區54歲徐姓男子 疑分手撕破臉！持鈍器行凶　前女友血濺檳榔攤
2016/10/16 上午 7:21:14,【新竹縣】,除了竹北以外其他都是屁
2016/10/16 上午 7:21:17,【花蓮縣】,嗯嗯嗯
2016/10/16 上午 7:22:31,【新北市】,太神啦
2016/10/16 上午 7:23:37,【金門縣】,三民主義，統一祖國！
2016/10/16 上午 7:27:00,【新竹縣】,做得不錯，不過我覺得「連姓神豬」不太妥當
2016/10/16 上午 7:28:39,【苗栗縣】,縣長好爛
2016/10/16 上午 7:30:40,【新北市】,淡海輕軌塌了柯批不用負責嗎
2016/10/16 上午 7:30:56,【花蓮縣】,藍藍路
2016/10/16 上午 7:31:18,【新北市】,被綠包圍，無法去別縣市，我要攔轎
2016/10/16 上午 7:36:10,【新北市】,機場都在綠的縣市，這不是政治迫害，甚麼才是政治迫害？
2016/10/16 上午 7:40:54,【苗栗縣】,艾
2016/10/16 上午 7:46:18,【連江縣】,身為中華民國核心地帶，應將中央政府設立於此
2016/10/16 上午 7:47:31,【南投縣】,卑劣的冥盡洞用無恥的綠營人士佔領日月潭，害內地災胞無法一覽日月潭
2016/10/16 上午 7:48:22,【新北市】,國共聯手，所向披靡
2016/10/16 上午 7:48:33,【南投縣】,作為堂堂正正的中國人，不應該攔轎，也沒有攔轎
2016/10/16 上午 7:48:35,【新竹縣】,用溫泉魚餵飽大家
2016/10/16 上午 7:49:41,【新北市】,Hurry!
2016/10/16 上午 7:51:21,【苗栗縣】,稅金!!!
2016/10/16 上午 7:51:50,【花蓮縣】,縣長都不懂歷史，只想開高速公路，這樣跟洪大大對幹對嗎？
2016/10/16 上午 7:54:34,【新北市】,科P下臺
2016/10/16 上午 8:00:22,【新北市】,我愛臺妹
2016/10/16 上午 8:02:37,【新北市】,讚
2016/10/16 上午 8:06:15,【新北市】,唯一支持連勝丼酸宗痛!
2016/10/16 上午 8:06:44,【花蓮縣】,神串流名
2016/10/16 上午 8:08:17,【南投縣】,中華民國萬歲！！！！！！
2016/10/16 上午 8:10:05,【新北市】,Lanbadalanjiao
2016/10/16 上午 8:10:39,【新北市】,剪綵王呷洨
2016/10/16 上午 8:14:32,【南投縣】,飄過
2016/10/16 上午 8:18:56,【南投縣】,玉山是南投縣神聖不可分割的一部分，其他縣市死死去旁邊
2016/10/16 上午 8:30:54,【新北市】,ㄆㄆㄆㄆㄆ
2016/10/16 上午 8:36:00,【新北市】,砂石輪請恕我攔轎
2016/10/16 上午 8:36:03,【新北市】,朱市長，恕我攔轎
2016/10/16 上午 8:36:58,【新北市】,哈哈哈
2016/10/16 上午 8:37:10,【金門縣】,阿拉花瓜
2016/10/16 上午 8:37:30,【花蓮縣】,媽馬，您看。好多攔轎呀！不愧是藍八
2016/10/16 上午 8:42:45,【新北市】,我要攔
2016/10/16 上午 8:50:01,【新北市】,我是8.2
2016/10/16 上午 8:50:04,【台東縣】,我好怨啊
2016/10/16 上午 8:51:52,【花蓮縣】,嗯什麼嗯！沒禮貌，請向大王道歉！
2016/10/16 上午 8:52:01,【台東縣】,其他地方咧
2016/10/16 上午 8:54:15,【新竹縣】,我愛膜膜
2016/10/16 上午 8:56:11,【花蓮縣】,嗯個毛
2016/10/16 上午 8:59:12,【花蓮縣】,80花蓮口屋
2016/10/16 上午 8:59:50,【新北市】,中華民國的災胞再不來，中華民國就快滅亡了 不分彼此 同心向上
2016/10/16 上午 9:00:38,【連江縣】,這是哪裡
2016/10/16 上午 9:04:09,【新北市】,無限期支持侯友宜酸宗痛
2016/10/16 上午 9:04:58,【花蓮縣】,看看我攔轎
2016/10/16 上午 9:06:56,【新北市】,為什麼沒有剪綵！！
2016/10/16 上午 9:07:08,【新北市】,地方的建設需要市長的剪綵！
2016/10/16 上午 9:09:03,【新北市】,文化路好塞
2016/10/16 上午 9:14:27,【新北市】,大人恕我攔轎
2016/10/16 上午 9:18:36,【新北市】,恕我藍轎
2016/10/16 上午 9:20:04,【新北市】,反共抗俄! 恕我攔轎
2016/10/16 上午 9:26:55,【金門縣】,灾区同胞拦轿求统一
2016/10/16 上午 9:30:09,【花蓮縣】,嗯什麼嗯 沒禮貌 我們花蓮好山好水 最好玩的就是那個... (查一下)
2016/10/16 上午 9:32:04,【新北市】,要九二不久餓
2016/10/16 上午 9:33:39,【花蓮縣】,92共死
2016/10/16 上午 9:35:12,【花蓮縣】,等我花蓮機場航空城開發完成 所有攔轎都來個花進花出啦
2016/10/16 上午 9:38:18,【花蓮縣】,花蓮明明就超棒的嗯屁！這裡是用來住不是用來玩的！
2016/10/16 上午 9:47:59,【連江縣】,正統的福建省政府在這裡！！！！
2016/10/16 上午 9:52:38,【花蓮縣】,之前的攔轎竟然不見了！恨Google表單，雅虎才是藍八人的最愛啦！
2016/10/16 上午 9:58:01,【新竹縣】,藍八大攔轎
2016/10/16 上午 9:58:07,【新北市】,拎鄒罵天龍國人為什麼要屈就在新北恕攔轎啦幹
2016/10/16 上午 10:02:00,【連江縣】,藍叫！我要攔轎！
2016/10/16 上午 10:05:01,【新北市】,8仙
2016/10/16 上午 10:08:03,【新北市】,幹你娘大藍叫
2016/10/16 上午 10:08:38,【新竹縣】,藍八喊攔轎，攔轎獨藍八
2016/10/16 上午 10:09:05,【新北市】,他
2016/10/16 上午 10:10:49,【花蓮縣】,我只是想點你攔轎
2016/10/16 上午 10:13:18,【新北市】,什麼東東
2016/10/16 上午 10:14:43,【新北市】,什麼，其他縣咧~~~~怒
2016/10/16 上午 10:16:54,【花蓮縣】,趕快作功課! 沒誠意!
2016/10/16 上午 10:19:39,【花蓮縣】,嗯
2016/10/16 上午 10:19:46,【新北市】,請假王那麼弱，柯批不用負責嗎？
2016/10/16 上午 10:20:32,【連江縣】,連江縣並非我台灣省領土，何以出現在藍八大攔轎的行列呢
2016/10/16 上午 10:24:17,【花蓮縣】,摁。
2016/10/16 上午 10:27:26,【連江縣】,我愛李豪
2016/10/16 上午 10:29:48,【新北市】,ㄐㄐㄉ
2016/10/16 上午 10:33:51,【苗栗縣】,冤枉
2016/10/16 上午 10:34:36,【台東縣】,我要向中華民國道歉，因為我想獨立。
2016/10/16 上午 10:36:08,【花蓮縣】,花蓮王是不是在主導花蓮獨立？
2016/10/16 上午 10:42:54,【新北市】,幹
2016/10/16 上午 10:45:50,【連江縣】,唷喔喔喔喔
2016/10/16 上午 10:47:50,【苗栗縣】,快點自決建國啦
2016/10/16 上午 10:50:01,【花蓮縣】,花蓮機場起降超吵，隔壁家樂福都不用做生意了，柯p粗乃面對！
2016/10/16 上午 10:53:20,【花蓮縣】,訂了網購要用貨運宅配發現花蓮居然歸在離島的選項中，花蓮王請快讓花蓮獨立
2016/10/16 上午 10:53:25,【新北市】,新北ㄑ
2016/10/16 上午 10:56:46,【新北市】,沒勞檢
2016/10/16 上午 10:57:33,【花蓮縣】,蔡大姐你是壞人！
2016/10/16 上午 10:59:24,【花蓮縣】,支持花蓮獨立建國
2016/10/16 上午 11:00:26,【台東縣】,9287
2016/10/16 上午 11:00:29,【新北市】,有點癢
2016/10/16 上午 11:01:11,【新北市】,不要再全國首創了！
2016/10/16 上午 11:01:47,【新北市】,酸宗痛
2016/10/16 上午 11:01:52,【新北市】,申訴電話 ： 02-94879487
2016/10/16 上午 11:02:59,【新北市】,我還有點餓
2016/10/16 上午 11:03:24,【新北市】,市長你在哪裡ㄚㄚㄚㄚㄚ
2016/10/16 上午 11:03:43,【花蓮縣】,嗯
2016/10/16 上午 11:03:50,【新北市】,攔轎申冤
2016/10/16 上午 11:04:13,【新北市】,新北市 = 新北京
2016/10/16 上午 11:04:16,【新北市】,市長啊啊 你在哪啊 我們需要你來剪綵啊
2016/10/16 上午 11:05:14,【新北市】,     
2016/10/16 上午 11:05:16,【新北市】,喔喔喔喔喔喔喔喔喔喔喔喔
2016/10/16 上午 11:05:21,【新北市】,來人啊餵公子吃餅ㄜ
2016/10/16 上午 11:06:13,【新北市】,ju立倫我愛泥
2016/10/16 上午 11:06:21,【南投縣】,台灣的內地是南投 From: WJ
2016/10/16 上午 11:06:43,【台東縣】,同胞須攔轎 攔轎真有力!
2016/10/16 上午 11:07:33,【台東縣】,gjtgyj
2016/10/16 上午 11:07:53,【新北市】,沒事
2016/10/16 上午 11:08:01,【苗栗縣】,藍八大攔轎
2016/10/16 上午 11:08:10,【新北市】,LANJIAO LAH!!
2016/10/16 上午 11:09:42,【苗栗縣】,我
2016/10/16 上午 11:09:49,【新北市】,喂~花蓮你振作點啊!!花蓮!!!!
2016/10/16 上午 11:09:51,【新北市】, 立倫立倫剪綵王 立倫立倫剪綵王 立倫立倫剪綵王 立倫立倫剪綵王 87
2016/10/16 上午 11:09:58,【連江縣】,你在大聲什麼啦？
2016/10/16 上午 11:10:03,【金門縣】,買不到燒餅，金門怎麼會變成這樣(by鳳鳳)
2016/10/16 上午 11:10:15,【新北市】,支持九二共識!  綠吱自找死路  9.2我驕傲
2016/10/16 上午 11:10:57,【新北市】,三環三線 明日掉線
2016/10/16 上午 11:11:18,【新竹縣】,地理李莉莉莉莉
2016/10/16 上午 11:11:31,【新北市】,台灣中國，一邊一國
2016/10/16 上午 11:12:33,【新北市】,新北市長不是柯文哲嗎？甚麼時候換人了！！！！
2016/10/16 上午 11:12:42,【新北市】,朱朱崙別再剪綵啦!!
2016/10/16 上午 11:13:03,【連江縣】,各位由偉大的毛主席領導的堂堂正正的中國人啊，一起成為反共少女吧欸嘿！
2016/10/16 上午 11:13:12,【台東縣】,我擁有拉格納羅斯賦予的無窮力量
2016/10/16 上午 11:13:25,【新北市】,超北市長柯P是在幹甚麼吃的?說好的三環三線ㄋ?
2016/10/16 上午 11:14:09,【金門縣】,我要游泳去廈門讓他們恕我攔轎
2016/10/16 上午 11:14:26,【連江縣】,殺朱拔毛
2016/10/16 上午 11:14:42,【新北市】,tseet
2016/10/16 上午 11:14:46,【花蓮縣】,嗯
2016/10/16 上午 11:14:52,【花蓮縣】,夜市的各省一條街，真是有風味
2016/10/16 上午 11:14:57,【台東縣】,南迴升等特甲級是要經營甲甲專車嗎？！！
2016/10/16 上午 11:16:07,【花蓮縣】,嗯
2016/10/16 上午 11:19:45,【新北市】,幹這太好笑了
2016/10/16 上午 11:20:23,【新北市】,QQQQQ
2016/10/16 上午 11:20:36,【新竹縣】,中共吃屎
2016/10/16 上午 11:21:53,【新北市】,阿U好帥
2016/10/16 上午 11:22:05,【新北市】,一個便當吃不飽
2016/10/16 上午 11:22:30,【花蓮縣】,還在查資料
2016/10/16 上午 11:22:58,【新竹縣】,別
2016/10/16 上午 11:23:46,【台東縣】,哈哈哈
2016/10/16 上午 11:24:19,【新北市】,市長最近都去哪邊剪綵？
2016/10/16 上午 11:25:09,【連江縣】,❤️
2016/10/16 上午 11:25:19,【金門縣】,撼
2016/10/16 上午 11:25:45,【南投縣】,我喝我低豬國~一顆也不能分割~ (螢光棒舉高  一起唱)
2016/10/16 上午 11:25:54,【新北市】,想知道市長在哪? 只要拿出彩帶跟剪刀即可招喚~
2016/10/16 上午 11:26:11,【新北市】,剪綵王在此
2016/10/16 上午 11:27:25,【新北市】,都可以恕
2016/10/16 上午 11:28:01,【新北市】,貴站的port 8000太好笑啦
2016/10/16 上午 11:28:07,【連江縣】,這裡是哪裡？
2016/10/16 上午 11:30:07,【新北市】,啊啊
2016/10/16 上午 11:30:45,【金門縣】,哪裡可以看到全部的攔轎話？
2016/10/16 上午 11:31:06,【新北市】,OAO
2016/10/16 上午 11:31:28,【新竹縣】,喔喔喔喔抓抓等
2016/10/16 上午 11:33:42,【苗栗縣】,"身處邊疆,不毛地帶,土著橫行,此處山大王有名言-天賜良機, 拆!!"
2016/10/16 上午 11:34:29,【花蓮縣】,嗯？
2016/10/16 上午 11:35:04,【新竹縣】,野野野野
2016/10/16 上午 11:35:08,【台東縣】,沒有高鐡
2016/10/16 上午 11:35:45,【苗栗縣】,那ˋ時候要獨立阿 獨立紀念日記得要放煙火跟請男高音 還有民宅爆破
2016/10/16 上午 11:36:37,【新北市】,very sick of badalanjiao
2016/10/16 上午 11:38:20,【新北市】,今天新聞播連方瑀演唱會，害我的note 7爆炸起火
2016/10/16 上午 11:39:11,【花蓮縣】,"礙於95至尊,沒有介紹了?"
2016/10/16 上午 11:39:21,【南投縣】,あ
2016/10/16 上午 11:39:47,【新北市】,還　蠻　屌　的　屌　爆　了
2016/10/16 上午 11:41:13,【苗栗縣】,可惡，想拆。
2016/10/16 上午 11:42:47,【新北市】,幹你娘藍叫
2016/10/16 上午 11:44:23,【新北市】,台北勒
2016/10/16 上午 11:44:44,【新北市】,幹
2016/10/16 上午 11:44:52,【新北市】,QQ
2016/10/16 上午 11:45:40,【新北市】,蒋匪区的同胞注意，两岸同属一个中国是大势所趋，不要逆时代而动。
2016/10/16 上午 11:45:54,【新北市】,三環三線夢中相見
2016/10/16 上午 11:45:59,【新竹縣】,蒋匪区的同胞注意，两岸同属一个中国是大势所趋，不要逆时代而动。
2016/10/16 上午 11:46:10,【花蓮縣】,嗯。
2016/10/16 上午 11:46:15,【苗栗縣】,蒋匪区的同胞注意，两岸同属一个中国是大势所趋，不要逆时代而动。
2016/10/16 上午 11:46:30,【苗栗縣】,還我石虎
2016/10/16 上午 11:46:32,【南投縣】,蒋匪区的同胞注意，两岸同属一个中国是大势所趋，不要逆时代而动。
2016/10/16 上午 11:46:51,【花蓮縣】,蒋匪区的同胞注意，两岸同属一个中国是大势所趋，不要逆时代而动。
2016/10/16 上午 11:47:09,【台東縣】,蒋匪区的同胞注意，两岸同属一个中国是大势所趋，不要逆时代而动。
2016/10/16 上午 11:47:27,【金門縣】,蒋匪区的同胞注意，两岸同属一个中国是大势所趋，不要逆时代而动。
2016/10/16 上午 11:47:43,【連江縣】,蒋匪区的同胞注意，两岸同属一个中国是大势所趋，不要逆时代而动。
2016/10/16 上午 11:47:53,【苗栗縣】,石虎 好ㄘ!
2016/10/16 上午 11:48:23,【新北市】,反攻大陸 指日可待
2016/10/16 上午 11:48:59,【新北市】,ㄏ阿哈阿
2016/10/16 上午 11:49:41,【新北市】,剪綵王 幹拎娘老七掰
2016/10/16 上午 11:55:19,【新北市】,新店三民路太多違規停車沒人管
2016/10/16 上午 11:57:33,【新北市】,新北市民全體膝蓋痛
2016/10/16 上午 11:58:01,【新北市】,123445
2016/10/16 上午 11:59:34,【新北市】,要求臺灣大學遷至新北市
2016/10/16 上午 11:59:53,【苗栗縣】,啊啊啊啊啊
2016/10/16 上午 11:59:59,【花蓮縣】,92共識，挺柱!
2016/10/16 下午 12:01:18,【新竹縣】,123
2016/10/16 下午 12:01:53,【南投縣】,內地啦
2016/10/16 下午 12:01:56,【台東縣】,山豬違停人行道 
2016/10/16 下午 12:02:46,【花蓮縣】,呼嚕嚕
2016/10/16 下午 12:02:56,【新北市】,主播好可愛
2016/10/16 下午 12:03:42,【新北市】,Wwwwwww
2016/10/16 下午 12:03:51,【新北市】,一年準備、二年反攻、三年掃蕩、五年成功!!
2016/10/16 下午 12:04:16,【新北市】,市長剪綵去
2016/10/16 下午 12:04:54,【新北市】,市長剪綵去
2016/10/16 下午 12:05:11,【花蓮縣】,嗯
2016/10/16 下午 12:05:25,【新北市】,做好做滿
2016/10/16 下午 12:05:46,【台東縣】,Too far away
2016/10/16 下午 12:06:11,【金門縣】,真正的祖國在哪裡？
2016/10/16 下午 12:06:41,【新北市】,未看先猜 贛 新北不ey
2016/10/16 下午 12:07:26,【連江縣】,我
2016/10/16 下午 12:07:34,【花蓮縣】,幹靈糧
2016/10/16 下午 12:07:36,【新北市】,我想加入台北市
2016/10/16 下午 12:08:40,【新北市】,我希望朱立倫頭毛更少，迴光返照到中華民國中共淪陷災區，成為指引難民明燈
2016/10/16 下午 12:08:42,【新北市】,贛 今天沒有剪綵活動 
2016/10/16 下午 12:08:57,【金門縣】,0
2016/10/16 下午 12:09:28,【新北市】,奇怪，最近怎麼沒剪綵了
2016/10/16 下午 12:10:33,【花蓮縣】,嗯。
2016/10/16 下午 12:10:42,【新北市】,哈哈
2016/10/16 下午 12:10:43,【台東縣】,台獨萬歲
2016/10/16 下午 12:11:04,【新北市】,XDDD
2016/10/16 下午 12:12:08,【新竹縣】,我不是藍八~
2016/10/16 下午 12:12:12,【台東縣】,藍藍路不一樣 清潔除臭效果強
2016/10/16 下午 12:12:24,【花蓮縣】,花蓮只有一個字要怎麼吸引更多的攔轎?
2016/10/16 下午 12:12:36,【金門縣】,真的可以
2016/10/16 下午 12:13:50,【新北市】,我討厭茱莉輪
2016/10/16 下午 12:15:33,【新北市】,一年準備、二年反攻、三年掃蕩、五年成功!!
2016/10/16 下午 12:17:47,【新北市】,反共必勝，勦匪必成!中國國民黨光復大陸!
2016/10/16 下午 12:18:03,【新北市】,福建省亦屬中華民國之一省
2016/10/16 下午 12:18:14,【新北市】,剪綵啊啊啊啊啊啊啊啊 召喚朱立倫的儀式
2016/10/16 下午 12:18:16,【苗栗縣】,前縣長還我鞋
2016/10/16 下午 12:19:08,【新北市】,<h1>xss test</h1>
2016/10/16 下午 12:22:12,【新北市】,尼好棒棒
2016/10/16 下午 12:22:35,【新北市】,攔轎
2016/10/16 下午 12:23:22,【台東縣】,很偏僻，省道騎久了我會怕QAQ 
2016/10/16 下午 12:23:47,【新北市】,我要談戀愛啦
2016/10/16 下午 12:25:01,【新竹縣】,我老二好癢
2016/10/16 下午 12:26:51,【新北市】,勿忘水牛伯
2016/10/16 下午 12:27:46,【苗栗縣】,zzz
2016/10/16 下午 12:29:10,【新北市】,Xxx小攔轎
2016/10/16 下午 12:30:21,【台東縣】,來叫濫交
2016/10/16 下午 12:30:31,【花蓮縣】,花蓮是怎樣啊
2016/10/16 下午 12:31:10,【花蓮縣】,趕羚羊
2016/10/16 下午 12:32:07,【新北市】,無
2016/10/16 下午 12:37:40,【苗栗縣】,耶路薩冷等你來攔轎伸冤
2016/10/16 下午 12:37:55,【新北市】,剪綵王，剪好剪滿
2016/10/16 下午 12:38:56,【新北市】,呵呵呵呵呵呵呵呵
2016/10/16 下午 12:39:00,【新北市】,請問除了剪刀跟彩帶還有什麼方式可以招喚市長?
2016/10/16 下午 12:40:52,【新竹縣】,0
2016/10/16 下午 12:41:02,【新竹縣】,電子攔轎，輕鬆申冤～ YA！
2016/10/16 下午 12:42:29,【新北市】,三環三線，夢裡實現^^
2016/10/16 下午 12:42:32,【新北市】,我愛淡水!我愛阿婆!
2016/10/16 下午 12:43:21,【新北市】,哈哈
2016/10/16 下午 12:45:03,【新北市】,Hhh
2016/10/16 下午 12:45:57,【苗栗縣】,薪水到底是要不要發啊
2016/10/16 下午 12:47:13,【苗栗縣】,請正名為希臘縣
2016/10/16 下午 12:47:34,【新北市】,三環三線
2016/10/16 下午 12:48:13,【花蓮縣】,花蓮是什麼意思啊啊啊???
2016/10/16 下午 12:48:45,【新北市】,要攔什麼
2016/10/16 下午 12:50:15,【新北市】,攔轎申冤
2016/10/16 下午 12:50:42,【南投縣】,媽我在這!!
2016/10/16 下午 12:50:56,【花蓮縣】,攔轎不方便
2016/10/16 下午 12:52:37,【新北市】,幹
2016/10/16 下午 12:52:40,【新北市】,好久沒看到朱朱倫了，是在忙啥
2016/10/16 下午 12:53:18,【新北市】,吾擁九二 【嘉義縣】 吾擁九二  【鳳山縣】 吾擁九二 【彰化縣】 吾擁九二 【澎湖廳】 吾擁九二 【恆春縣】 吾擁九二 【卑南廳】吾擁九二 【埔裏社廳】 吾擁九二
2016/10/16 下午 12:56:07,【花蓮縣】,花蓮景點介紹呢？？？？？？？？？？？？？
2016/10/16 下午 12:56:17,【新北市】,淡海輕軌發生意外，柯P不用下臺道歉嗎？
2016/10/16 下午 12:56:20,【連江縣】,藍眼淚顏色政治正確！
2016/10/16 下午 12:56:21,【花蓮縣】,查資料中
2016/10/16 下午 12:59:16,【新北市】,包大人恕我攔轎
2016/10/16 下午 12:59:20,【新北市】,新北市長柯文哲不支持九二共識，抵制抵制再抵制！啥？你說市長不是他？
2016/10/16 下午 1:00:06,【新北市】,太攔了八
2016/10/16 下午 1:07:46,【新北市】,朱立倫人呢
2016/10/16 下午 1:08:45,【新竹縣】,我
2016/10/16 下午 1:09:24,【新竹縣】,後悔投給柯P
2016/10/16 下午 1:09:59,【新北市】,人森好難，心好累，妹子都不理我QQ
2016/10/16 下午 1:10:36,【新北市】,給我大麻。
2016/10/16 下午 1:11:30,【花蓮縣】,嗯
2016/10/16 下午 1:12:22,【新北市】,J3small
2016/10/16 下午 1:12:46,【南投縣】,藍八恕攔轎
2016/10/16 下午 1:13:54,【新北市】,吾擁92
2016/10/16 下午 1:14:04,【新竹縣】,義民節令人嘆為觀止的千斤大神豬
2016/10/16 下午 1:14:59,【新竹縣】,比來自中華民國偏安首都台北的連姓神豬重五倍
2016/10/16 下午 1:15:12,【苗栗縣】,海內外中華兒女同享藍八縣市全新旅遊體驗，普天同慶，薄海騰歡
2016/10/16 下午 1:15:19,【花蓮縣】,幹雞雞瓜瓜
2016/10/16 下午 1:15:31,【花蓮縣】,藍叫太長
2016/10/16 下午 1:15:34,【新北市】,侯市長~我也想剪綵啊~啊~啊~啊~
2016/10/16 下午 1:15:49,【新竹縣】,哈
2016/10/16 下午 1:16:00,【新竹縣】,這正是九二共識讓這個幸福城市人畜興旺的鐵證
2016/10/16 下午 1:18:13,【花蓮縣】,花蓮怎麼沒有特色?
2016/10/16 下午 1:18:26,【南投縣】,魚池鄉長陳錦倫，是不遵守九二共識的民進黨員
2016/10/16 下午 1:19:46,【金門縣】,打倒萬惡的共匪、重建偉大的中華民國！
2016/10/16 下午 1:20:51,【新北市】,三環三線，與你夢裡相見
2016/10/16 下午 1:22:41,【連江縣】,香港是中華民國神聖不可分割的一部分，朝鮮也是
2016/10/16 下午 1:23:58,【新北市】,><
2016/10/16 下午 1:25:06,【苗栗縣】,藍八破產也不願拿綠色政府的補助款
2016/10/16 下午 1:26:27,【南投縣】,深化九二共識，從不踏入綠色縣市做起
2016/10/16 下午 1:26:56,【金門縣】,hi~~~~~
2016/10/16 下午 1:27:33,【苗栗縣】,陸客都不來!!!
2016/10/16 下午 1:27:52,【新北市】,堅決抵制綠色縣市農產品進口
2016/10/16 下午 1:28:18,【新北市】,所以說 觀光客呢???????
2016/10/16 下午 1:29:32,【新北市】,我是藍八，我不吃綠色農產品
2016/10/16 下午 1:30:08,【新北市】,鬼父製造生產行駛毀滅(被抓)被關(土城)之地，有傾向之民眾請聚集。
2016/10/16 下午 1:32:37,【新北市】,淡水阿嬤需要市長選臺北市長，不要再神隱後去剪釆了！
2016/10/16 下午 1:33:16,【新北市】,終於!!!讓我看到一個陸客了!!!!
2016/10/16 下午 1:33:33,【新北市】,給我攔轎
2016/10/16 下午 1:35:07,【新北市】,市長:藍八需要我~~~
2016/10/16 下午 1:36:58,【新北市】,市長:彈水阿嬤說藍八需要我
2016/10/16 下午 1:39:36,【新北市】,市長恕我攔轎
2016/10/16 下午 1:41:01,【新北市】,更多的 猥褻自己小孩的故事 盡在新北
2016/10/16 下午 1:43:40,【新北市】,五股區非法外勞哪時才要管一管
2016/10/16 下午 1:44:26,【新北市】,非法外勞可分不清你挺不挺九二
2016/10/16 下午 1:47:04,【苗栗縣】,聰明的大陸朋友都知道要來苗栗，別去花蓮
2016/10/16 下午 1:48:18,【新北市】,所以我說那個夢中的三環三線呢？
2016/10/16 下午 1:55:44,【南投縣】,中國一定強
2016/10/16 下午 1:56:07,【新北市】,這幹嘛用的
2016/10/16 下午 1:57:25,【新北市】,應該讓14億選民參與地方自治
2016/10/16 下午 1:57:49,【花蓮縣】,查完沒啊？！
2016/10/16 下午 1:58:44,【花蓮縣】,麻煩請陸客去外縣市大便
2016/10/16 下午 2:01:48,【新北市】,如果14億人投票選出民進黨的總統，我就支持統一
2016/10/16 下午 2:04:23,【花蓮縣】,小編快查
2016/10/16 下午 2:07:19,【新竹縣】,ㄚㄚㄚ
2016/10/16 下午 2:07:41,【台東縣】,我很喜歡抹茶的清香，除了泡茶喝，也常做抹茶點心，因為餅乾最容易做，所以
2016/10/16 下午 2:08:21,【花蓮縣】,恕我大攔轎
2016/10/16 下午 2:09:40,【台東縣】,所以那個比較好的路呢？
2016/10/16 下午 2:10:06,【連江縣】,是不是不把我北竿、東引、東西莒放在眼裡啊? 我可是有最純正的藍八魂啊!
2016/10/16 下午 2:10:12,【連江縣】,歐歐 歐歐 爪爪
2016/10/16 下午 2:11:02,【連江縣】,紅珊瑚要佔領馬祖惹
2016/10/16 下午 2:12:25,【台東縣】,攔轎
2016/10/16 下午 2:12:31,【新竹縣】,我要九二共識！
2016/10/16 下午 2:13:31,【新竹縣】,啊!!!!!!!!!!!!!!!!!!!!!!!!
2016/10/16 下午 2:14:51,【苗栗縣】,感恩國家大力提倡觀光
2016/10/16 下午 2:16:32,【連江縣】,中資一條龍要汙染馬祖了，快逃呀！
2016/10/16 下午 2:16:49,【新北市】,射惹兒
2016/10/16 下午 2:17:28,【新北市】,大人啊！恕我攔轎！！
2016/10/16 下午 2:17:59,【新北市】,射射射射射惹ㄦ!!!!!!!!!!!!!~!!!!!!!!~
2016/10/16 下午 2:18:41,【新竹縣】,雞雞太小
2016/10/16 下午 2:19:13,【花蓮縣】,啊啊啊啊
2016/10/16 下午 2:19:46,【新北市】,"朱立倫剪綵,侯友宜巡視,柯文哲負責"
2016/10/16 下午 2:21:10,【新竹縣】,嗨
2016/10/16 下午 2:22:32,【新北市】,恕我攔轎啦!!!!!
2016/10/16 下午 2:23:20,【新北市】,柯Ｐ不用出來面對ㄇ 
2016/10/16 下午 2:23:22,【新竹縣】,呃..
2016/10/16 下午 2:23:28,【金門縣】,咿呀
2016/10/16 下午 2:23:52,【新北市】,營養午餐吃不飽，怎辦？去隔壁班吃？
2016/10/16 下午 2:26:06,【新北市】,靠北，竟然沒有最適合偷渡的雲林縣!
2016/10/16 下午 2:26:15,【新北市】,柯文哲道歉！
2016/10/16 下午 2:27:23,【苗栗縣】,苗栗人挺劉政鴻
2016/10/16 下午 2:27:37,【苗栗縣】,大藍叫！！！！
2016/10/16 下午 2:27:58,【花蓮縣】,幹...什麼
2016/10/16 下午 2:28:34,【新北市】,台巴子等著祖國來解放吧
2016/10/16 下午 2:29:00,【新北市】,柯屁不用負責嗎？
2016/10/16 下午 2:30:04,【金門縣】,恕我大攔轎
2016/10/16 下午 2:30:12,【新北市】,柯P不用負責嗎
2016/10/16 下午 2:31:08,【花蓮縣】,我要看神豬到底是要去新竹還是台北？
2016/10/16 下午 2:35:01,【花蓮縣】,造紙廠空氣不好
2016/10/16 下午 2:40:05,【連江縣】,感恩藍八 讚嘆藍八
2016/10/16 下午 2:40:43,【新北市】,歡迎參加剪綵體驗行
2016/10/16 下午 2:40:53,【新北市】,神隱市長朱朱倫
2016/10/16 下午 2:41:27,【南投縣】,台灣的內地是南投
2016/10/16 下午 2:42:14,【花蓮縣】,中國人好不容易走了，又要攔下來幹嘛？！
2016/10/16 下午 2:44:53,【新北市】,說穿了共產黨不過就是中華民國的助理
2016/10/16 下午 2:46:05,【新北市】,共產黨只是國民黨的小跟班
2016/10/16 下午 2:47:10,【新北市】,只有國民黨才是全人類的解答
2016/10/16 下午 2:51:23,【連江縣】,"反共抗俄, 殺朱拔毛! "
2016/10/16 下午 2:52:31,【花蓮縣】,嗯
2016/10/16 下午 2:54:22,【南投縣】,Lol
2016/10/16 下午 3:17:02,【花蓮縣】,藍八大藍教，恕我大攔轎
2016/10/16 下午 3:18:28,【新北市】,三環三線，可能不會實現
2016/10/16 下午 3:19:15,【新北市】,浮州合宜住宅到底能不能買啊
2016/10/16 下午 3:29:27,【新北市】,小天龍國
2016/10/16 下午 3:34:18,【花蓮縣】,幹
2016/10/16 下午 3:38:07,【新北市】,安安市長呢
2016/10/16 下午 3:40:10,【苗栗縣】,彈劾有用嗎
2016/10/16 下午 3:40:24,【花蓮縣】,花蓮王什麼時候宣布獨立？
2016/10/16 下午 3:44:37,【新北市】,【桃園縣】桃園桃園讚讚讚
2016/10/16 下午 3:48:15,【新北市】,操你媽的新北市長勒?
2016/10/16 下午 3:49:23,【新北市】,市長恕我大攔轎啊啊啊啊啊啊啊啊
2016/10/16 下午 3:50:24,【新竹縣】,Ha
2016/10/16 下午 3:51:24,【新北市】,新北市長 柯P上任這麼久都沒做為...
2016/10/16 下午 3:57:12,【新北市】,郭俊佑還錢
2016/10/16 下午 3:59:12,【新北市】,藍八～～～
2016/10/16 下午 3:59:56,【苗栗縣】,大家安安
2016/10/16 下午 4:02:25,【新北市】,顆顆
2016/10/16 下午 4:03:46,【南投縣】,陸客不來了
2016/10/16 下午 4:04:30,【新北市】,我不想上班
2016/10/16 下午 4:10:21,【新北市】,攔轎
2016/10/16 下午 4:10:25,【新北市】,後悔投ㄎ批
2016/10/16 下午 4:14:32,【花蓮縣】,幹花蓮就是邊緣喔
2016/10/16 下午 4:15:56,【新北市】,ㄘ我的大屌燒拉
2016/10/16 下午 4:16:56,【新北市】,我愛眼角膜!!
2016/10/16 下午 4:17:48,【花蓮縣】,甚麼東西ＸＤＤ
2016/10/16 下午 4:18:14,【新北市】,error.689
2016/10/16 下午 4:19:43,【新北市】,朱大人，請怒我攔轎～
2016/10/16 下午 4:20:12,【新北市】,藍八94狂
2016/10/16 下午 4:21:23,【花蓮縣】,大家都是中國人不要分那麼細
2016/10/16 下午 4:22:24,【花蓮縣】,北回歸線通過，給你最精彩的夏夕夏景
2016/10/16 下午 4:24:08,【金門縣】,金門也要鐵路高架化！
2016/10/16 下午 4:24:55,【花蓮縣】,(這段查一下)
2016/10/16 下午 4:28:14,【花蓮縣】,後悔投給柯P啦~
2016/10/16 下午 4:30:32,【新北市】,我愛台妹，台妹愛窩>_<
2016/10/16 下午 4:31:07,【南投縣】,南投市最近才有肯德基，這樣對嘛！！！
2016/10/16 下午 4:33:58,【南投縣】,台灣藍鵲是中國紅嘴藍鵲神聖不可分割的一族!!
2016/10/16 下午 4:36:31,【新北市】,87
2016/10/16 下午 4:37:25,【新北市】,媽我在這
2016/10/16 下午 4:38:28,【花蓮縣】,藍藍的天，滿腦的開發，現在甚麼都開發了，只差你的腦袋沒開發
2016/10/16 下午 4:38:43,【新竹縣】,懶趴++++++++++
2016/10/16 下午 4:39:01,【新北市】,臣亮言：先帝創業未半，而中道崩殂。今天下三分，益州 疲弊，此誠危急存亡
2016/10/16 下午 4:40:46,【新北市】,Is it real?
2016/10/16 下午 4:41:24,【新竹縣】,哈
2016/10/16 下午 4:45:02,【南投縣】,魚池鄉QQ
2016/10/16 下午 4:45:28,【新北市】,視網膜太帥，我羨慕得快哭了。
2016/10/16 下午 4:45:38,【新北市】,市長在嗎市長？朱立ㄌsmfksokwmanwjfkwow
2016/10/16 下午 4:46:16,【新北市】,我大支那冥國萬歲
2016/10/16 下午 4:46:18,【新北市】,這邊沒單單
2016/10/16 下午 4:47:43,【新北市】,沒三環三線
2016/10/16 下午 4:47:58,【新北市】,玩好玩滿。
2016/10/16 下午 4:48:42,【新北市】,恕我大攔轎
2016/10/16 下午 4:50:43,【花蓮縣】,至少給個10個字吧
2016/10/16 下午 4:51:49,【連江縣】,到底什麼時候可換市長．．．．．．
2016/10/16 下午 5:00:32,【台東縣】,廢物綠營政府快把路修好
2016/10/16 下午 5:04:47,【南投縣】,我愛視網膜<3
2016/10/16 下午 5:20:00,【新北市】,三環三線是不是掉下來惹
2016/10/16 下午 5:21:26,【花蓮縣】,嗯三小
2016/10/16 下午 5:23:09,【新北市】,"caonimagebide,sitaibazi!"
2016/10/16 下午 5:31:54,【新竹縣】,中華民國萬歲!三民主義萬歲!誓死消滅萬惡共匪!解救大陸苦難同胞!
2016/10/16 下午 5:41:46,【新北市】,Heil Hitler!
2016/10/16 下午 5:50:04,【金門縣】,測試一下
2016/10/16 下午 5:51:57,【新北市】,TAIWAN NO.1
2016/10/16 下午 5:54:19,【新北市】,我後悔我住在三重:-(
2016/10/16 下午 5:54:25,【新北市】,ONE TAIWAN!
2016/10/16 下午 5:55:17,【新北市】,為啥朱立倫還沒死?
2016/10/16 下午 5:55:36,【新北市】,УРА! КИТАЙСКАЯ РЕСПУБЛИКА! УРААААА!
2016/10/16 下午 5:55:46,【新北市】,為啥朱立倫還沒死?
2016/10/16 下午 5:57:05,【花蓮縣】,我愛柱柱姐!九二共識，一中同表!反共必勝，勦匪必成!
2016/10/16 下午 5:57:55,【新北市】,恕我大攔轎!
2016/10/16 下午 5:58:04,【新北市】,我愛元元 <3
2016/10/16 下午 5:58:57,【南投縣】,誰是蔣空一格公啦！應該是空一格蔣公懂不懂啊！？
2016/10/16 下午 6:05:32,【花蓮縣】,好無聊
2016/10/16 下午 6:10:25,【南投縣】,內地4IN1
2016/10/16 下午 6:21:11,【新北市】,日
2016/10/16 下午 6:27:48,【新北市】,不可錯過新莊區輔仁大學的夏夕夏景！
2016/10/16 下午 6:42:40,【苗栗縣】,又到了星期一，期待《月曜日のたわわ》。
2016/10/16 下午 6:56:07,【新北市】,我家馬桶重新安裝好了，可以來我家剪綵嗎?
2016/10/16 下午 7:11:33,【新北市】,吃吃吃
2016/10/16 下午 7:14:09,【新北市】,烏來瀑布
2016/10/16 下午 7:24:36,【新北市】,朱立倫下台
2016/10/16 下午 8:24:21,【南投縣】,沒 只是試試
2016/10/16 下午 8:36:18,【新北市】,ㄅ ㄅㄅ
2016/10/16 下午 8:37:02,【新北市】,想吃懶覺
2016/10/16 下午 8:55:50,【新北市】,我一定會幫助八仙受害者申請國賠der
2016/10/16 下午 9:03:24,【新北市】,豬豬輪去死
2016/10/16 下午 9:11:38,【新北市】,耖你ㄇ426
2016/10/16 下午 9:15:03,【花蓮縣】,嗯。
2016/10/16 下午 9:42:47,【新北市】,ㄏㄏ
2016/10/16 下午 9:51:22,【台東縣】,什麼時候才能統一祖國實現我大中華民國的統一之夢?
2016/10/16 下午 10:02:15,【南投縣】,我有點想大便
2016/10/16 下午 10:16:40,【新北市】,滾 支那  這網站不需要你們
2016/10/16 下午 10:18:03,【新北市】,嗚嗚嗚  高雄用大懶覺打我們
2016/10/16 下午 10:38:31,【新北市】,嗚嗚嗚~~我好恨阿~~
2016/10/16 下午 11:00:09,【新北市】,Oa是肥婆
2016/10/16 下午 11:22:55,【花蓮縣】,花蓮的內查好了沒？
2016/10/16 下午 11:31:35,【金門縣】,還我炮彈菜刀～～
2016/10/16 下午 11:39:13,【新北市】,無聊
2016/10/17 上午 12:25:11,【新北市】,我的攔轎好大
2016/10/17 上午 12:35:04,【新北市】,我是剪綵王
2016/10/17 上午 12:35:42,【新北市】,沒92共識的高雄人表示我們才冤阿！
2016/10/17 上午 12:39:06,【新北市】,我的市長會隱身術
2016/10/17 上午 12:57:23,【南投縣】,台灣的內地是南投！台灣的內地是南投！台灣的內地是南投！很重要所以說三次
2016/10/17 上午 1:03:53,【新北市】,我要攔轎~~~藍八太多我會受不了啊~
2016/10/17 上午 1:14:04,【花蓮縣】,嗯
2016/10/17 上午 1:16:33,【新北市】,哈囉
2016/10/17 上午 1:16:58,【新北市】,市長不見了
2016/10/17 上午 1:29:19,【新竹縣】,媽我在這裡
2016/10/17 上午 1:33:48,【南投縣】,藍~~藍~~路~~
2016/10/17 上午 1:36:22,【花蓮縣】,嗯～
2016/10/17 上午 1:36:32,【新北市】,冤情太重 請恕我攔轎
2016/10/17 上午 1:54:09,【苗栗縣】,藍八大攔轎
2016/10/17 上午 1:54:22,【新竹縣】,藍八大攔轎
2016/10/17 上午 1:54:36,【花蓮縣】,為什麼普悠瑪本地人那麼難定回家那麼難
2016/10/17 上午 2:02:44,【新北市】,昨晚又失眠了
2016/10/17 上午 2:03:16,【新北市】,攔轎!!
2016/10/17 上午 2:07:39,【南投縣】,恐龍園 啵棒
2016/10/17 上午 2:07:48,【花蓮縣】,嗯。
2016/10/17 上午 2:08:34,【新北市】,好棒棒
2016/10/17 上午 2:10:36,【新竹縣】,这里草地都绿的啊，分明是台独的领地不是嘛，你们蓝八推荐个雕啊？
2016/10/17 上午 2:11:29,【南投縣】,超雙德 撿到，一百塊 碟嘿
2016/10/17 上午 2:13:46,【南投縣】,"南投風景秀麗,好山好水 歡迎來內地旅遊!"
2016/10/17 上午 2:25:18,【新北市】,眼前一片藍天
2016/10/17 上午 2:30:06,【花蓮縣】,為什麼只有 “嗯”？
2016/10/17 上午 2:31:57,【花蓮縣】,我大花蓮好啊！為什麼不仔細介紹？
2016/10/17 上午 2:38:03,【新竹縣】,恕我大攔轎!!
2016/10/17 上午 2:38:42,【苗栗縣】,棒
2016/10/17 上午 2:47:21,【苗栗縣】,什麼啊？
2016/10/17 上午 2:54:19,【南投縣】,(Y)
2016/10/17 上午 2:55:13,【花蓮縣】,花蓮也太混了吧花蓮
2016/10/17 上午 3:02:05,【花蓮縣】,太慘了
2016/10/17 上午 3:06:36,【新北市】,剪綵觀禮一日遊！
2016/10/17 上午 3:07:11,【花蓮縣】,交通工具是山豬嗎？
2016/10/17 上午 3:07:20,【新北市】,好特别啊，居然是个没有市长的市
2016/10/17 上午 3:11:36,【新北市】,三重8+9太多惹哭哭
2016/10/17 上午 3:11:53,【新北市】,永和路況超亂
2016/10/17 上午 3:12:45,【花蓮縣】,花蓮王，救命啊
2016/10/17 上午 3:18:31,【連江縣】,九二共識
2016/10/17 上午 3:23:11,【新北市】,市長去哪裡了呀
2016/10/17 上午 3:29:46,【苗栗縣】,呵呵
2016/10/17 上午 3:29:54,【台東縣】,我是一位堂堂正正的中華民國人
2016/10/17 上午 3:33:55,【新竹縣】,吃什麼好呢
2016/10/17 上午 3:34:34,【新北市】,沒事兒沒事兒
2016/10/17 上午 3:35:38,【新北市】,路上一堆攤販的障礙物，拜託拿去攔轎不要擋到行人路權好嗎~~~~~
2016/10/17 上午 3:44:14,【新北市】,交不到男友QQ
2016/10/17 上午 3:45:58,【新北市】,雷達壞惹，我要卡比獸！！
2016/10/17 上午 3:46:33,【南投縣】,此乃吾內地南投，豈是汝等得大放厥詞？
2016/10/17 上午 3:51:39,【花蓮縣】,嗯
2016/10/17 上午 3:51:59,【花蓮縣】,花蓮的點看起來好像是糖廠宿舍
2016/10/17 上午 3:53:44,【新北市】,這裡很多擅長觀落陰的藍八
2016/10/17 上午 4:02:08,【花蓮縣】,恩屁阿
2016/10/17 上午 4:11:34,【新北市】,恕我大蘭覺
2016/10/17 上午 4:18:37,【新竹縣】,支那人好少，好難過
2016/10/17 上午 4:19:36,【新北市】,雙北市長柯文都不做事
2016/10/17 上午 4:19:45,【苗栗縣】,426快來救苗栗呀
2016/10/17 上午 4:22:23,【花蓮縣】,嗯好哦
2016/10/17 上午 4:22:39,【花蓮縣】,恩什麼阿！！？
2016/10/17 上午 4:29:51,【新北市】,我大攔轎
2016/10/17 上午 4:30:31,【新北市】,想參加豬豬倫剪綵，剪好，剪滿行程！
2016/10/17 上午 4:30:42,【連江縣】,車車
2016/10/17 上午 4:31:29,【新北市】,藍八大攔轎
2016/10/17 上午 4:31:40,【苗栗縣】,身高只有150的LYG苗栗小五郎萬年誠徵女友中
2016/10/17 上午 4:34:16,【新北市】,靠~~~~
2016/10/17 上午 4:35:33,【苗栗縣】,民宅徵收的不夠多啊縣長！
2016/10/17 上午 4:44:41,【新北市】,柯p下台
2016/10/17 上午 4:46:32,【台東縣】,台東島 萬歲!!!
2016/10/17 上午 4:46:43,【台東縣】,普悠瑪的車票好難搶阿!
2016/10/17 上午 4:49:45,【金門縣】,藍轎 香菇
2016/10/17 上午 4:51:35,【新北市】,幹
2016/10/17 上午 4:52:09,【花蓮縣】,嗯什麼嗯啊!!!!!!!!
2016/10/17 上午 4:55:55,【花蓮縣】,嗯。
2016/10/17 上午 5:00:00,【新北市】,環狀線還要多久？
2016/10/17 上午 5:01:53,【新北市】,柯p負責!
2016/10/17 上午 5:05:08,【新竹縣】,海馬boy開眼66666
2016/10/17 上午 5:07:32,【新北市】,鬼父出沒
2016/10/17 上午 5:07:55,【新竹縣】,美食沙漠
2016/10/17 上午 5:08:17,【苗栗縣】,太民主了
2016/10/17 上午 5:10:37,【新竹縣】,阿思啊撒阿斯斯斯
2016/10/17 上午 5:17:40,【南投縣】,騎山豬攔轎!!!!!!
2016/10/17 上午 5:17:41,【南投縣】,\內地/\內地/\內地/\內地/
2016/10/17 上午 5:26:30,【新北市】,林青億 我愛你
2016/10/17 上午 5:28:57,【金門縣】,媽媽，我必須要出來啊！
2016/10/17 上午 5:29:37,【南投縣】,為什麼南投縣只有綠色的山，卻沒有海，我懷疑南投藍皮綠骨
2016/10/17 上午 5:39:23,【新北市】,攬好攬滿
2016/10/17 上午 5:43:16,【金門縣】,藍八大攔轎！！！
2016/10/17 上午 5:44:32,【新北市】,後悔投柯p by 新北市市民
2016/10/17 上午 5:46:02,【新北市】,打倒共產黨
2016/10/17 上午 5:47:13,【花蓮縣】,花蓮縣哪裡好玩快查出來阿!我要去攔轎!
2016/10/17 上午 5:50:52,【花蓮縣】,嗯
2016/10/17 上午 5:53:24,【新北市】,柯
2016/10/17 上午 6:23:55,【新北市】,永遠不平的路面
2016/10/17 上午 6:25:41,【南投縣】,恩
2016/10/17 上午 6:28:01,【新北市】,跑馬燈隔數弄細一點看了眼睛不舒服
2016/10/17 上午 6:29:57,【新北市】,2018藍八變藍三
2016/10/17 上午 6:30:58,【苗栗縣】,聰明陸客都來苗栗才不會去花蓮
2016/10/17 上午 6:42:16,【新北市】,今晚哪裡有剪綵
2016/10/17 上午 6:42:17,【新北市】,三環三線 夢裡相見
2016/10/17 上午 6:43:20,【花蓮縣】,查好了沒
2016/10/17 上午 6:46:09,【台東縣】,好山好水好藍啊!
2016/10/17 上午 6:47:15,【新北市】,2018藍八變藍三
2016/10/17 上午 6:47:35,【花蓮縣】,花蓮小編很不認真耶!查超久的....這樣怎麼反共大陸呢 !
2016/10/17 上午 6:48:29,【苗栗縣】,拖欠薪水害我家負債，劉政鴻不用進去蹲嗎
2016/10/17 上午 6:49:30,【新北市】,2018藍八變藍三
2016/10/17 上午 6:53:08,【新竹縣】,546461665+5662
2016/10/17 上午 6:59:14,【花蓮縣】,為什麼只有一個「恩」啊？
2016/10/17 上午 7:00:37,【新北市】,幹樹我懶覺
2016/10/17 上午 7:01:44,【新北市】,志宏訴我蘭較
2016/10/17 上午 7:02:13,【新北市】,這麼壞的小孩我要握你小鳥
2016/10/17 上午 7:04:56,【金門縣】,八二三打砲戰
2016/10/17 上午 7:05:33,【連江縣】,意見連蘭趴一日遊
2016/10/17 上午 7:08:37,【苗栗縣】,讓鞋子飛
2016/10/17 上午 7:13:46,【花蓮縣】,嚴正指責中央電視台對我大花蓮縣的歧視行為
2016/10/17 上午 7:18:23,【新北市】,三重飆仔有92共識護體，警察都不敢抓
2016/10/17 上午 7:28:59,【花蓮縣】,藍八大攔轎，恕我搭攔轎
2016/10/17 上午 7:32:50,【新北市】,QQ
2016/10/17 上午 7:37:39,【新北市】,QQQQQ
2016/10/17 上午 7:39:21,【台東縣】,好池上米不買嗎？
2016/10/17 上午 7:40:47,【連江縣】,媽，我連江啦！你寄來的鐵牛運功散我已經吃完了！
2016/10/17 上午 7:45:59,【苗栗縣】,大陸鴻歡迎您，大陸土樓，奇怪書院，空曠高鐵，強大負債，天賜良機
2016/10/17 上午 7:52:55,【金門縣】,吃貨
2016/10/17 上午 7:57:00,【花蓮縣】,介紹勒介紹勒XD
2016/10/17 上午 8:05:48,【花蓮縣】,乾! 我大花蓮國居然沒有任何介紹?
2016/10/17 上午 8:09:18,【新北市】,包大人請恕我攔轎 !
2016/10/17 上午 8:23:29,【新北市】,路不平！拔刀相助
2016/10/17 上午 8:25:24,【金門縣】,我要炒泡麵！！！
2016/10/17 上午 8:25:40,【新竹縣】,九降風勒
2016/10/17 上午 8:41:41,【金門縣】,好慘
2016/10/17 上午 8:42:59,【新北市】,大人！恕我攔轎。
2016/10/17 上午 8:51:09,【新北市】,一直剪綵
2016/10/17 上午 9:13:33,【新北市】,到處都是六八九，九二在哪
2016/10/17 上午 9:18:02,【新北市】,塊陶呀
2016/10/17 上午 9:21:28,【花蓮縣】,嗯。
2016/10/17 上午 9:41:14,【新北市】,再不來要剪綵了喔
2016/10/17 上午 9:50:35,【花蓮縣】,嗯
2016/10/17 上午 9:50:49,【新北市】,路見不平，立倫請整修！
2016/10/17 上午 9:54:15,【新北市】,倫倫+油
2016/10/17 上午 10:08:47,【新北市】,捷運到底要蓋到民國幾年????
2016/10/17 上午 10:10:35,【新北市】,給我婚姻平權!!!!!!!!
2016/10/17 上午 10:22:34,【新北市】,朱立倫還我牛來!啊不是，還我老虎來，啊又錯了，是周錫緯
2016/10/17 上午 10:53:55,【新北市】,Ha
2016/10/17 上午 11:14:03,【苗栗縣】,"如果劉政鴻還是縣長,財政不會有問題"
2016/10/17 上午 11:15:54,【新北市】,朱立倫 你去吃屎吧
2016/10/17 上午 11:18:18,【新北市】,好想自慰
2016/10/17 上午 11:18:30,【花蓮縣】,好無聊
2016/10/17 上午 11:20:11,【苗栗縣】,阿 來棒賽比賽吧
2016/10/17 上午 11:40:51,【新竹縣】,沒什麼
2016/10/17 上午 11:48:07,【花蓮縣】,太麻里隔壁
2016/10/17 上午 11:50:16,【新北市】,還不颱風
2016/10/17 上午 11:51:51,【新北市】,蟲族的三本爛成這樣，立倫你要怎麼負責呢？
2016/10/17 下午 12:06:08,【花蓮縣】,崑萁，你是我見過最帥的男人。
2016/10/17 下午 12:18:48,【新竹縣】,一国两制，统一中国
2016/10/17 下午 12:22:33,【連江縣】,联合国秘书长关于退回台湾加入联合国申请的解释性文件（2007，转引自联
2016/10/17 下午 12:33:44,【新北市】,最愛膜膜了
2016/10/17 下午 12:43:32,【連江縣】,lanbadalanjiao
2016/10/17 下午 1:04:06,【新竹縣】,樹我大懶覺
2016/10/17 下午 1:09:21,【新北市】,攔轎不用夠用阿
2016/10/17 下午 1:11:01,【花蓮縣】,花蓮是怎樣～
2016/10/17 下午 1:19:37,【新北市】,公關部門冷氣冷，體質虛弱寒欄轎
2016/10/17 下午 1:28:34,【金門縣】,"攔轎~""/*"
2016/10/17 下午 1:32:11,【花蓮縣】,國民黨哭窮，去找連爺爺要啊！不敢找連家就是作秀啦！
2016/10/17 下午 1:33:20,【新北市】,國民黨立委質詢大法官被提名人，笑料百出~~~
2016/10/17 下午 1:36:35,【新北市】,張麗善：「你被提名的理由是富有政治經驗，這對你來講是不是一種侮辱？」
2016/10/17 下午 1:37:14,【新北市】,許志雄：「呃，我被提名的不是這款，是有權威著作。」 張麗善：「…好。」
2016/10/17 下午 1:37:44,【新北市】,中國國民黨立委都是87！87！87！
2016/10/17 下午 1:40:20,【苗栗縣】,靠北哦
2016/10/17 下午 1:47:02,【新竹縣】,深淵阿
2016/10/17 下午 1:54:23,【金門縣】,幹國民黨很搞笑
2016/10/17 下午 2:01:51,【新北市】, or 1=1 or '
2016/10/17 下午 2:05:08,【新北市】,侯友宜市長在嗎?
2016/10/17 下午 2:17:23,【新北市】,三環三線 夢中相見
2016/10/17 下午 2:35:43,【新北市】,郭峻佑還錢
2016/10/17 下午 2:48:55,【金門縣】,yo
2016/10/17 下午 3:11:47,【苗栗縣】,我
2016/10/17 下午 3:19:25,【新北市】,國麵檔雞排
2016/10/17 下午 3:21:28,【新北市】,王涼森大攔轎
2016/10/17 下午 3:24:25,【金門縣】,凳螞剋沒攔轎
2016/10/17 下午 3:25:41,【新北市】,蛤
2016/10/17 下午 3:31:01,【新北市】,市長是柯文哲
2016/10/17 下午 3:36:20,【新北市】,ㄏㄏㄏㄏ
2016/10/17 下午 3:36:34,【新北市】,剪綵王快回市府上班
2016/10/17 下午 3:42:47,【新北市】,ㄛ齁
2016/10/17 下午 3:44:52,【新北市】,你奶奶的熊
2016/10/17 下午 3:54:56,【南投縣】,假內地人還不快速速跪迎 真．內地人
2016/10/17 下午 4:07:03,【新北市】,藍八一起開藍趴踢
2016/10/17 下午 4:11:52,【新北市】,大藍嬌！！！！
2016/10/17 下午 4:31:47,【苗栗縣】,藍八大欄轎
2016/10/17 下午 4:38:50,【花蓮縣】,嗯。
2016/10/17 下午 4:40:06,【新北市】,中華民國首都在南京！！！
2016/10/17 下午 4:43:03,【新北市】,朱立倫你人咧?
2016/10/17 下午 4:48:35,【苗栗縣】,XDDDD
2016/10/17 下午 5:58:00,【南投縣】,我才是內地
2016/10/17 下午 6:11:57,【金門縣】,30
2016/10/17 下午 6:14:28,【新北市】,你好
2016/10/17 下午 7:14:26,【新北市】,恕我攔轎
2016/10/17 下午 7:20:20,【新北市】,啊
2016/10/17 下午 9:02:46,【新北市】,柯P出面負責!下台!
2016/10/17 下午 9:31:15,【新北市】,我～歹命啊。
2016/10/17 下午 11:08:46,【新竹縣】,甲藍啦
2016/10/18 上午 12:39:47,【花蓮縣】,（查一下）
2016/10/18 上午 2:06:50,【新北市】,朱市長，我要攔轎
2016/10/18 上午 2:30:36,【花蓮縣】,恩
2016/10/18 上午 2:41:44,【新北市】,亞州統神87登場
2016/10/18 上午 4:11:14,【新北市】,朱立倫下台
2016/10/18 上午 4:12:18,【新北市】,我愛統神
2016/10/18 上午 4:13:00,【新北市】,92共食和平統一
2016/10/18 上午 4:24:28,【新北市】,九二共食和平統一
2016/10/18 上午 5:06:44,【新北市】,這網站到底是三小XDDDDDDDD
2016/10/18 上午 5:07:13,【新北市】,我愛藍八
2016/10/18 上午 5:12:15,【新北市】,蘭你媽的藍較
2016/10/18 上午 5:14:01,【新北市】,中永和的交通大亂，朱立倫在哪裡
2016/10/18 上午 5:18:41,【金門縣】,在非洲每60秒就有一分鐘過去，在金門每60秒就一箱高梁賣匪。
2016/10/18 上午 5:19:04,【新北市】,大人有冤情啊，為什麼今年颱風那麼多，莫非是因為陸客不來了?
2016/10/18 上午 5:24:14,【金門縣】,唯一支持柱柱姐!!!!!!!!九二同表統一中國!!!!!!!!!
2016/10/18 上午 5:31:59,【新北市】, 很久沒看到市長出現在市民面前，難不成是投匪了
2016/10/18 上午 5:41:39,【連江縣】,娘子快出來一起攔轎！
2016/10/18 上午 5:42:51,【新北市】,幫花蓮QQ到底資料要查多久！
2016/10/18 上午 5:43:33,【新北市】,市長呢? 發生這麼多大事都不出來，我想找他剪綵阿! 咦? 誰按門鈴?
2016/10/18 上午 5:54:23,【花蓮縣】,市長呢？    我們要統一大陸比較實際，災胞很可憐的
2016/10/18 上午 6:46:13,【新北市】,申冤內容
2016/10/18 上午 7:34:42,【新北市】,數我大蘭嬌
2016/10/18 上午 7:51:02,【台東縣】,感恩漸停 讚嘆漸停
2016/10/18 上午 7:53:29,【台東縣】,2029唯一支持連 剩 文
2016/10/18 上午 7:54:38,【花蓮縣】,花蓮獨立！！
2016/10/18 上午 8:22:37,【南投縣】,我藍八，我驕傲。五星級的價格，有省錢的享受！
2016/10/18 上午 9:21:16,【花蓮縣】,嗯，查一下，還沒查完嗎？我給你87分，不能再高了。
2016/10/18 上午 9:39:16,【新北市】,其實我沒有九二共識啊啊啊啊
2016/10/18 上午 10:24:23,【新北市】,請處理那些飆車小屁孩！
2016/10/18 上午 10:42:48,【新北市】,陸客都不來難道柯p不用負責嗎？juli倫人在哪？
2016/10/18 上午 11:39:22,【金門縣】,Ho
2016/10/18 上午 11:39:51,【花蓮縣】,High quality control panel discussi
2016/10/18 下午 12:07:48,【新北市】,♥♥♥♥♥♥♥♥地方的媽媽需要藍八，這並沒有甚麼錯♥♥♥♥♥♥♥♥
2016/10/18 下午 12:52:36,【新北市】,幹馬路坑坑八八每天都施工
2016/10/18 下午 12:53:10,【苗栗縣】,苗栗國萬歲
2016/10/18 下午 1:01:12,【新北市】,還我水牛伯
2016/10/18 下午 1:08:46,【新北市】,你問我愛你有多深，我愛你有幾分~~~~~~
2016/10/18 下午 1:14:47,【台東縣】,為何火車站離市區這麼遠 攔轎啦!!!
2016/10/18 下午 1:19:13,【苗栗縣】,我們是台灣最美的希臘！苗栗人！挺起咱的胸！
2016/10/18 下午 1:48:53,【新北市】,市長太虛偽
2016/10/18 下午 1:57:16,【新北市】,黨產冤枉啊~~~~
2016/10/18 下午 2:03:13,【新北市】,三環三線夢裡相見阿~~~~可是我都夢不到
2016/10/18 下午 2:04:19,【新北市】,台大社會所，非我莫屬
2016/10/18 下午 2:30:26,【連江縣】,請恕我攔轎
2016/10/18 下午 3:08:36,【苗栗縣】,頭份牛欄窩客家菜好吃喔！！！
2016/10/18 下午 3:14:54,【新北市】,雙北市長柯P讚讚，話說朱區長好像很久沒見到了
2016/10/18 下午 5:15:24,【新北市】,讓我看看
2016/10/18 下午 5:48:23,【金門縣】,不
2016/10/18 下午 6:44:44,【新北市】,幗面黨丟臉丟到家
2016/10/18 下午 9:10:12,【新北市】,喔喔喔啞啞喔喔
2016/10/19 上午 3:12:39,【新北市】,市長不見惹
2016/10/19 上午 4:43:21,【新北市】,藍腳ㄚ懶腳
2016/10/19 上午 4:55:28,【連江縣】,連江～連江 連江種子
2016/10/19 上午 5:49:27,【新北市】,剪綵
2016/10/19 上午 6:12:31,【台東縣】,謊見艇
2016/10/19 上午 7:04:54,【金門縣】,我愛大家
2016/10/19 上午 7:13:58,【花蓮縣】,花蓮獨立!
2016/10/19 上午 8:27:08,【花蓮縣】,上次出海賞鯨，結果只看到海豚
2016/10/19 上午 10:51:09,【新竹縣】,別碰我攔轎
2016/10/19 上午 10:56:45,【新北市】,蘭趴
2016/10/19 上午 11:50:20,【新北市】,柱柱，志炫，傻傻分不清楚。
2016/10/19 下午 1:03:59,【新北市】,喔喔喔
2016/10/19 下午 2:01:33,【新北市】,朱市長:我請假三個月去看淡水阿嫲
2016/10/19 下午 2:06:24,【新北市】,市長快回來RRR～
2016/10/19 下午 2:53:48,【新北市】,攔轎ㄅ撞到了，好痛呀
2016/10/19 下午 2:55:57,【新北市】,市長不見啦!!!!
2016/10/19 下午 2:56:48,【新北市】,計程車開超快，還有人手指胖胖的!!!!
2016/10/19 下午 2:57:11,【新北市】,幹你媽的
2016/10/19 下午 2:57:26,【新北市】,啊啊啊啊啊 市長在哪
2016/10/19 下午 2:58:09,【花蓮縣】,花蓮吃屎
2016/10/19 下午 2:59:08,【台東縣】,Retina好帥啊
2016/10/19 下午 3:01:44,【苗栗縣】,攔轎ININDER
2016/10/19 下午 3:03:15,【新北市】,我們的市長什麼時候變侯友宜了?
2016/10/19 下午 3:03:48,【南投縣】,我們才是內地!
2016/10/19 下午 3:03:56,【新北市】,嘎嘎烏拉拉，倫倫的阿嬤
2016/10/19 下午 3:06:37,【新北市】,我們的市長不是柯文哲嗎?大攔轎?真後悔投柯P
2016/10/19 下午 3:10:21,【新北市】,之
2016/10/19 下午 3:13:59,【新北市】,聖誕節是新北人的節嗎？
2016/10/19 下午 3:15:32,【新北市】,我都用懶覺攔轎
2016/10/19 下午 3:18:13,【新北市】,柯P出來面對，雙北市長跑哪去了
2016/10/19 下午 3:19:38,【新北市】,沒有市長阿幹
2016/10/19 下午 3:25:38,【新北市】,中國走狗
2016/10/19 下午 3:26:16,【台東縣】,請問有核廢料紀念品可以網購嗎！！想帶回去分享給淪陷區的同胞！！
2016/10/19 下午 3:27:41,【新北市】,為啥島內新聞台想分裂我大中華民國 這我還不砸電視？
2016/10/19 下午 3:33:25,【新北市】,柯批呢科批怎麼還不來
2016/10/19 下午 3:37:35,【新竹縣】,恕我大攔轎
2016/10/19 下午 3:39:29,【新北市】,剪綵囉
2016/10/19 下午 3:45:15,【新北市】,超北市長柯批出來面對
2016/10/19 下午 3:48:13,【新北市】,市長呢
2016/10/19 下午 3:55:45,【新北市】,...
2016/10/19 下午 4:01:40,【新北市】,市長到底在哪
2016/10/19 下午 4:09:19,【花蓮縣】,為什麼只有嗯。
2016/10/19 下午 4:19:20,【新北市】,加薪好嗎
2016/10/19 下午 4:21:37,【花蓮縣】,嗯嗯嗯嗯嗯
2016/10/19 下午 4:31:49,【新北市】,深夜十二點　無車無人．．．
2016/10/19 下午 4:43:41,【新竹縣】,老闆藍八一份貢丸兩顆～
2016/10/19 下午 5:03:20,【花蓮縣】,恩...
2016/10/19 下午 5:28:30,【花蓮縣】,.......
2016/10/19 下午 5:31:58,【花蓮縣】,嗯。
2016/10/19 下午 5:40:51,【花蓮縣】,阿
2016/10/19 下午 5:45:13,【新北市】,陸小調人太多
2016/10/19 下午 6:23:41,【台東縣】,米酒喝太多ㄙㄩㄥ
2016/10/19 下午 8:30:38,【苗栗縣】,民眾對施放煙火無感，縣長表示：絕無此事！
2016/10/19 下午 8:42:49,【花蓮縣】,QQ
2016/10/20 上午 12:52:30,【花蓮縣】,恕我大攔...
2016/10/20 上午 1:57:29,【新北市】,讓國民黨與朱立倫從台灣消失
2016/10/20 上午 1:58:13,【新北市】,朱立倫欠幹
2016/10/20 上午 2:31:08,【台東縣】,可以幫颱風QQ嗎
2016/10/20 上午 3:05:25,【新竹縣】,啊
2016/10/20 上午 3:06:10,【新北市】,阿阿阿阿阿阿阿阿阿阿阿阿阿阿
2016/10/20 上午 3:38:56,【新北市】,沒市長好口年 別來新北玩啊好口連好口黏
2016/10/20 上午 3:39:17,【新北市】,請大人恕我攔轎
2016/10/20 上午 4:21:55,【苗栗縣】,陳超明超丟臉
2016/10/20 上午 4:23:22,【花蓮縣】,嗯嗯、嗯嗯嗯、嗯嗯嗯嗯，嗯嗯！
2016/10/20 上午 5:38:52,【花蓮縣】,嗯。
2016/10/20 上午 6:46:35,【花蓮縣】,速林老師的大攔...嗯嗯嗯嗯嗯嗯!
2016/10/20 上午 9:07:26,【新北市】,每日攔轎簽到
2016/10/20 上午 9:16:30,【花蓮縣】,嗯
2016/10/20 上午 9:33:32,【台東縣】,黃健廷說謊
2016/10/20 上午 9:41:27,【連江縣】,這是哪裡？
2016/10/20 上午 10:50:59,【新北市】,陸客不來臺，業績誰負責
2016/10/20 上午 10:53:05,【苗栗縣】,石虎你在哪裡啊?
2016/10/20 下午 12:30:28,【花蓮縣】,恩
2016/10/20 下午 12:51:01,【連江縣】,FULUYEE
2016/10/20 下午 1:52:01,【花蓮縣】,怎麼查那麼久~~~~~
2016/10/20 下午 2:00:00,【花蓮縣】,8 8 8 8 
2016/10/20 下午 2:08:35,【新北市】,689
2016/10/20 下午 2:09:26,【新北市】,一直塞車
2016/10/20 下午 2:09:48,【新北市】,攔轎剪綵
2016/10/20 下午 2:37:32,【新北市】,111
2016/10/20 下午 2:54:22,【台東縣】,幹你全家
2016/10/20 下午 3:44:00,【新北市】,我的攔轎好常啊！
2016/10/20 下午 3:44:54,【新北市】,幹
2016/10/20 下午 3:59:02,【南投縣】,挺柱大攔轎
2016/10/20 下午 3:59:49,【新北市】,攔轎啊～～～～～剪彩倫放任企業任意苛刻勞工～～～～～民間有冤情啊～～～
2016/10/20 下午 4:25:17,【新北市】,我好帥
2016/10/20 下午 4:45:50,【苗栗縣】,我大苗栗國最好馬上脫離台獨勢力
2016/10/20 下午 6:11:10,【新北市】,這攔轎系統棒棒的
2016/10/20 下午 11:00:50,【南投縣】,攔轎～～～～～～
2016/10/20 下午 11:27:34,【新北市】,小胡我愛你
2016/10/21 上午 12:03:14,【新北市】,test
2016/10/21 上午 12:53:02,【新北市】,捷運蓋超久
2016/10/21 上午 1:26:15,【新北市】,中永和都是バカ眾
2016/10/21 上午 2:01:57,【新北市】,2
2016/10/21 上午 4:19:38,【新北市】,我愛剪綵 剪綵愛我 天天剪綵 天天快樂
2016/10/21 上午 6:01:00,【新北市】,抗議藍八平均沒有30cm
2016/10/21 上午 6:01:24,【新北市】,563563
2016/10/21 上午 6:18:19,【台東縣】,ㄏ
2016/10/21 上午 6:18:49,【新北市】,九二共識
2016/10/21 上午 7:47:07,【花蓮縣】,太神啦ob'_'ov
2016/10/21 上午 7:51:34,【金門縣】,幹博弈條例快廢啦
2016/10/21 上午 9:00:59,【花蓮縣】,張張張張張張張張張
2016/10/21 上午 10:22:39,【南投縣】,喵
2016/10/21 上午 10:24:01,【連江縣】,草泥馬頭
2016/10/21 上午 10:52:49,【新北市】,QQQ
2016/10/21 上午 11:21:49,【新北市】,懶覺好吃
2016/10/21 上午 11:27:30,【新北市】,%%%
2016/10/21 下午 12:10:53,【新北市】,自備剪綵就可以攔到縣長的轎喔>.^
2016/10/21 下午 2:28:35,【新北市】,藍八大攔轎
2016/10/21 下午 2:38:30,【新北市】,淡水阿罵表示：
2016/10/21 下午 2:51:58,【花蓮縣】,爛
2016/10/21 下午 3:08:54,【新北市】,我要柯文哲
2016/10/21 下午 3:22:49,【新北市】,阿倫！三環三缐呢？
2016/10/21 下午 3:48:53,【新北市】,三環三線rrrr
2016/10/21 下午 7:18:29,【新北市】,恕我攔轎 幹!
2016/10/22 上午 2:31:43,【新北市】,Console 訊息還在啊啊
2016/10/22 上午 5:21:24,【新北市】,三环三线 永不兑现
2016/10/22 上午 5:38:34,【花蓮縣】,為啥花蓮縣是嗯嗯啊？
2016/10/22 上午 5:41:23,【新北市】,哭哭
2016/10/22 上午 10:19:12,【花蓮縣】,花蓮獨立萬歲
2016/10/22 下午 2:40:53,【苗栗縣】,冤啊！
2016/10/22 下午 3:17:17,【新北市】,科科
2016/10/22 下午 4:22:26,【苗栗縣】,客家話攔轎怎麼說?
2016/10/22 下午 4:50:56,【新北市】,好吃~
2016/10/22 下午 5:01:48,【新北市】,朱朱!
2016/10/22 下午 5:36:15,【新北市】,\藍八/\藍八/
2016/10/23 上午 5:18:31,【花蓮縣】,嗯
2016/10/23 上午 6:39:51,【花蓮縣】,嗯
2016/10/23 上午 6:56:34,【花蓮縣】,嗯
2016/10/23 上午 10:55:02,【花蓮縣】,嗯
2016/10/23 上午 11:33:08,【新竹縣】,恕我攔轎！
2016/10/23 下午 12:06:37,【連江縣】,殺小
2016/10/23 下午 1:28:36,【新北市】,三環三線，市長不見。
2016/10/23 下午 2:17:57,【花蓮縣】,嗯哼
2016/10/23 下午 2:26:26,【連江縣】,花蓮是在嗯什麼辣
2016/10/23 下午 2:34:33,【新北市】,深坑沒有運動中心呀！
2016/10/23 下午 2:37:21,【新北市】,淪陷地區朋友用民脂民膏換來的歡樂耶誕城!
2016/10/23 下午 2:46:03,【新北市】,市長人間蒸發 白領人民納稅金
2016/10/23 下午 3:05:16,【連江縣】,連江縣！在哪裡啊～～～～～
2016/10/23 下午 3:07:57,【花蓮縣】,泛舟朔溪體驗先總統蔣公的鮭魚精神
2016/10/23 下午 3:15:02,【花蓮縣】,車票ㄧ位難求
2016/10/23 下午 3:15:35,【新北市】,他的手術方式是透過電腦的時候
2016/10/23 下午 3:35:10,【新北市】,書報ㄚㄚㄚㄚ
2016/10/23 下午 3:40:32,【新北市】,hi
2016/10/23 下午 3:58:25,【新北市】,市長是豬豬輪
2016/10/23 下午 4:13:49,【花蓮縣】,嗯。
2016/10/23 下午 5:11:58,【新北市】,朱立倫還我牛
2016/10/23 下午 5:57:57,【新北市】,仍有多處未剪綵
2016/10/23 下午 7:37:21,【連江縣】,這是哪？
2016/10/23 下午 8:50:40,【新北市】,什麼鬼
2016/10/23 下午 9:34:20,【新北市】,想攔個公車等了快一小時還攔不到，是不是應該在公車牌前唯一圈剪綵帶?
2016/10/24 上午 1:08:12,【花蓮縣】,啊啊啊啊啊啊啊啊啊啊啊啊啊啊啊啊啊
2016/10/24 上午 3:37:05,【新北市】,還有好多豪宅可以看~~~裡面都沒住人喔~~
2016/10/24 上午 4:41:20,【金門縣】,QAQ
2016/10/24 上午 4:53:35,【新北市】,環狀線是要蓋到天荒地老兩岸統一嗎？
2016/10/24 上午 5:10:07,【花蓮縣】,我災區淪陷同胞不來，海邊都空無一人
2016/10/24 上午 7:45:46,【花蓮縣】,嗯
2016/10/24 上午 7:57:22,【台東縣】,太麻里隔壁~
2016/10/24 上午 9:32:51,【花蓮縣】,案
2016/10/24 上午 10:07:21,【花蓮縣】,台巴子不要妄想独立
2016/10/24 下午 12:25:55,【花蓮縣】,所以我說那個花蓮咧？花蓮人沒人權逆
2016/10/25 上午 5:30:06,【新北市】,解放淪陷災區，人人有責
2016/10/25 上午 9:23:45,【新北市】,ＸＤ
2016/10/25 上午 9:49:56,【花蓮縣】,嗯。
2016/10/25 上午 10:31:45,【新北市】,喔喔喔嗚嗚嗚嗚ㄚㄚ
2016/10/25 下午 2:49:23,【新北市】,ㄎㄎ
2016/10/25 下午 2:51:15,【新竹縣】,中華人民共和國萬歲!
2016/10/25 下午 2:52:49,【新北市】,台獨的排遺網站
2016/10/25 下午 5:26:53,【金門縣】,小三通三小
2016/10/26 上午 6:41:38,【苗栗縣】,馬英九還我牛
2016/10/26 上午 6:48:10,【新北市】,房價怎麼居高不下，這樣讓淪陷災區的同胞怎麼購買呢？
2016/10/26 上午 6:52:37,【新北市】,我愛蒨蒨 蒨蒨不愛我
2016/10/26 上午 6:54:20,【花蓮縣】,嗯XDDDDDDDDDDDDDD
2016/10/26 上午 6:56:23,【南投縣】,只有家樂福QQ
2016/10/26 上午 6:59:04,【新北市】,蒨蒨是我的！誰在跟我搶！
2016/10/26 上午 6:59:47,【新北市】,曉莉我愛妳，但是這邊沒有基隆可以攔轎，已哭。
2016/10/26 上午 7:05:30,【新北市】,蘇美公幹母豬無罪 母豬母豬夜裡哭哭
2016/10/26 上午 7:44:06,【新北市】,這不是見到了嗎？
2016/10/26 上午 7:47:10,【金門縣】,sumade 是一個只會躲在鍵盤螢幕後面仇女開地圖砲的小孬孬
2016/10/26 上午 8:06:26,【南投縣】,母豬 母豬 夜裡別哭
2016/10/26 上午 8:27:57,【苗栗縣】,止兀止兀得第一
2016/10/26 上午 8:34:40,【花蓮縣】,嗯。
2016/10/26 上午 8:53:29,【苗栗縣】,一級拆除士！
2016/10/26 上午 9:06:19,【花蓮縣】,嗯?
2016/10/26 上午 9:24:35,【連江縣】,動不動就起霧飛機停飛
2016/10/26 上午 10:19:31,【新北市】,Julie倫剪綵狂魔
2016/10/26 下午 12:17:14,【新北市】,恕我攔轎
2016/10/26 下午 12:19:03,【新北市】,幹你剪綵朱。
2016/10/26 下午 1:44:54,【花蓮縣】,嗯！
2016/10/26 下午 1:46:24,【新北市】,為什麼申冤字數上限不是87個字?
2016/10/26 下午 2:27:53,【花蓮縣】,花蓮王：嗯屁嗯 當我花蓮王死人??
2016/10/26 下午 2:53:37,【新北市】,鳩咪
2016/10/26 下午 3:07:16,【南投縣】,恕我攔轎
2016/10/26 下午 4:31:33,【連江縣】,哈
2016/10/26 下午 4:51:55,【花蓮縣】,好山好水 恕我攔轎
2016/10/27 上午 3:52:40,【新北市】,深淵～～～
2016/10/27 上午 4:27:48,【新北市】,楚瑜萬歲
2016/10/27 上午 5:08:39,【花蓮縣】,花蓮縣無黨籍
2016/10/27 上午 5:09:40,【花蓮縣】,讚
2016/10/27 上午 5:12:48,【新竹縣】,讚讚讚
2016/10/27 上午 5:13:39,【新北市】,民進黨萬歲
2016/10/27 上午 5:15:13,【新北市】,極北藍點
2016/10/27 上午 5:52:42,【金門縣】,好藍八。。。
2016/10/27 上午 6:08:53,【花蓮縣】,花蓮縣為什麼只有摁
2016/10/27 上午 6:17:50,【花蓮縣】,希望為吃素的災胞朋友提供素藍八攻略
2016/10/27 上午 6:57:17,【南投縣】,雞雞
2016/10/27 上午 9:48:20,【金門縣】,水獺表示受到太多民眾干擾，逃難之餘小孩走失，竟被送到台北市立動物園
2016/10/27 上午 10:49:35,【連江縣】,ㄖㄖㄖ
2016/10/27 上午 11:10:37,【花蓮縣】,查一下，查一下，查一下，查一下，查一下，查一下，查一下，查一下，查一下
2016/10/27 下午 12:59:10,【新北市】,QAQ
2016/10/27 下午 2:00:40,【苗栗縣】,恕我大攔轎 苗栗小五郎參上
2016/10/27 下午 2:12:33,【花蓮縣】,嗯。
2016/10/27 下午 4:18:38,【新北市】,我愛視網膜 可以跟我結婚嗎！！！
2016/10/28 上午 12:41:41,【花蓮縣】,攔轎！
2016/10/28 上午 4:37:35,【新北市】,柯批下台！
2016/10/28 下午 1:31:37,【新北市】,此時不攔轎，何時大攔轎！
2016/10/28 下午 2:44:29,【苗栗縣】,屋
2016/10/28 下午 2:49:51,【新北市】,肚子痛
2016/10/28 下午 3:28:43,【新北市】,淡水啊罵叫我出來選全球華人世界領導人，不然天公伯不會原諒我
2016/10/28 下午 5:49:16,【台東縣】,致詞
2016/10/28 下午 8:08:01,【新北市】,新北朱歡迎災胞乘坐大藍轎暢遊台灣藍八，且坐好坐滿才能體會藍八箇中滋味！
2016/10/28 下午 10:32:22,【苗栗縣】,苗栗歡迎您
2016/10/29 上午 1:46:12,【新北市】,朱立倫下台
2016/10/29 上午 5:56:47,【新北市】,最高分87
2016/10/29 上午 10:58:03,【新竹縣】,恕我大攔轎!
2016/10/29 上午 10:58:27,【金門縣】,幹
2016/10/29 上午 11:11:00,【新北市】,市長只會剪綵@@
2016/10/29 下午 1:08:57,【新北市】,蘭八大蘭教 恕我大蘭教
2016/10/29 下午 2:42:04,【新竹縣】,沒想到
2016/10/29 下午 4:33:22,【新北市】,快來救我們
2016/10/29 下午 4:43:52,【新北市】,中華民國要亡啦！人類要毀滅啦！
2016/10/29 下午 4:59:15,【新北市】,呵呵喝
2016/10/30 上午 3:12:26,【新北市】,呃
2016/10/30 上午 5:18:43,【新北市】,趕羚羊老雞排  老跡埋  樹搖荊棘擺
2016/10/30 上午 8:40:53,【新北市】,都找不到市長
2016/10/30 下午 1:32:55,【新北市】,小黃小雞雞
2016/10/30 下午 2:46:21,【苗栗縣】,安安
2016/10/30 下午 3:19:39,【新北市】,朱朱倫的三環三線呢
2016/10/30 下午 5:23:38,【台東縣】,那些會滅絕，喜歡脫光光的生物，怎不來拜見上帝啊？！
2016/10/31 上午 7:12:21,【新北市】,喵
2016/10/31 上午 8:22:03,【新北市】,"官煤請重視我大中華民國之14億同胞之水深火熱,無法來寶島之苦"
2016/10/31 下午 5:59:14,【新北市】,87777777777777777777777777777777777
2016/10/31 下午 8:09:46,【連江縣】,藍藍路～
2016/11/1 上午 2:06:18,【花蓮縣】,\藍八大攔轎/\藍八大攔轎/\藍八大攔轎/
2016/11/1 下午 10:55:38,【新北市】,蛤
2016/11/2 上午 2:35:03,【新北市】,市長最會躲
2016/11/2 上午 6:52:04,【新北市】,動眼神經我愛你>///<
2016/11/3 下午 3:06:15,【新北市】,市長呢？新北的路爛死了！
2016/11/3 下午 3:16:28,【新北市】,市長只會剪綵該如何是好？
2016/11/4 上午 5:33:33,【金門縣】,訴我大藍教
2016/11/4 上午 10:59:04,【金門縣】,948794狂
2016/11/5 上午 1:43:21,【苗栗縣】,居然要辦石虎路跑?石虎不是都死光了嘛?很有事
2016/11/6 上午 9:53:27,【苗栗縣】,我們很好啦
2016/11/6 上午 9:54:44,【苗栗縣】,束我大攔轎啦
2016/11/6 上午 9:56:45,【苗栗縣】,我強烈反對台13線三義外環道新闢工程開發！
2016/11/6 上午 10:02:13,【新北市】,沒有Google，我們有Baidu阿...
2016/11/6 上午 10:03:25,【新竹縣】,人家有Youtube，我們有優酷啊...
2016/11/6 上午 10:04:29,【南投縣】,人家FB很厲害，微博也蠻好的阿...
2016/11/6 下午 4:20:29,【台東縣】,述述叫
2016/11/6 下午 4:21:01,【南投縣】,QQ
2016/11/6 下午 6:44:30,【苗栗縣】,52億救石虎
2016/11/7 上午 7:25:02,【新北市】,剪綵啦wwww
2016/11/8 下午 3:41:19,【新竹縣】,不好玩
2016/11/8 下午 4:08:34,【新竹縣】,湖口很塞，太塞，過不去，都堵住了，堵得我心好堵，好堵，好堵藍
2016/11/8 下午 4:44:21,【台東縣】,QQ
2016/11/8 下午 5:23:24,【苗栗縣】,\石虎/\石虎/\石虎/\石虎/\石虎/\石虎/\石虎/\石虎/\石虎
2016/11/9 上午 6:33:35,【花蓮縣】,嗯。
2016/11/9 下午 1:08:23,【花蓮縣】,空氣好到好堵藍
2016/11/10 下午 5:43:11,【新北市】,Hi
2016/11/11 上午 9:22:53,【花蓮縣】,居然句點花蓮國！
2016/11/11 上午 9:35:45,【新北市】,反共救中國就靠攔轎啦~
2016/11/11 上午 11:57:30,【南投縣】,內地搖滾
2016/11/11 下午 12:01:16,【新竹縣】,我愛中華
2016/11/14 下午 12:21:27,【台東縣】,戴安芬in the house.
2016/11/15 上午 10:48:00,【新北市】,三環三線呢
2016/11/15 上午 10:51:35,【新竹縣】,Error689
2016/11/15 下午 1:02:08,【台東縣】,87
2016/11/16 上午 9:29:47,【新竹縣】,喔
2016/11/16 下午 1:01:01,【新北市】,我愛視網膜
2016/11/20 上午 8:18:33,【新北市】,(´・ω・｀)
2016/11/20 上午 8:55:57,【新北市】,123
2016/11/20 下午 12:31:35,【花蓮縣】,耶
2016/11/20 下午 12:32:01,【花蓮縣】,藍八
2016/11/20 下午 2:01:40,【新竹縣】,中華民國臨時偏安首都
2016/11/20 下午 7:39:32,【新北市】,同性戀萬歲 歐葉~~~~
2016/11/21 上午 5:34:28,【新北市】,1234
2016/11/21 上午 5:34:33,【新北市】,週一不上班，來玩大攔轎
2016/11/21 上午 5:35:31,【新竹縣】,1234
2016/11/21 上午 7:29:52,【新北市】,嗚嗚嗚
2016/11/22 下午 12:40:00,【新北市】,55555
2016/11/22 下午 12:49:26,【新北市】,來吸我欄轎吧口交姨
2016/11/22 下午 4:08:04,【花蓮縣】,555555
2016/11/23 上午 1:49:48,【新北市】,ㄚㄚㄚㄚㄚㄚ想下班
2016/11/23 上午 1:55:14,【金門縣】,陳宥於他媽的不愛我了T_T
2016/11/23 上午 1:57:55,【苗栗縣】,輸入怨言，最多92個字
2016/11/23 下午 5:25:18,【新北市】,　何苦為了攔轎特地做了個網站 直接去剪綵現場不就行了嘛1
2016/11/25 下午 2:58:19,【新北市】,路鋪好了不開幹啥？幹我忘了還要剪綵。
2016/11/25 下午 4:48:32,【花蓮縣】,便當好貴
2016/11/27 上午 1:11:55,【新北市】,藍八大攔轎破功了
2016/11/27 上午 5:29:46,【新竹縣】,哈哈哈
2016/11/27 上午 6:14:57,【苗栗縣】,都是新北市，現在是不把苗栗王放眼裡？
2016/11/30 上午 5:30:01,【新北市】,柯P94狂
2016/11/30 上午 7:53:29,【新北市】,恕我大攔轎RRRRRRRRRR
2016/12/3 上午 6:10:22,【新竹縣】,蘭竹 還有  張學良 監獄
2016/12/3 上午 9:58:54,【新北市】,乾我住台南拉
2016/12/3 上午 10:01:22,【新北市】,剛剛剛剛剛剛剛剛剛剛剛剛剛剛剛剛剛剛剛哥哥哥哥哥哥哥哥哥哥哥哥哥哥哥哥
2016/12/3 下午 2:47:16,【花蓮縣】,寫信告訴我今天海是什麼顏色ˋ
2016/12/9 下午 2:23:59,【新北市】,92
2016/12/11 上午 9:57:20,【新北市】,zzz
2016/12/12 上午 9:34:39,【新北市】,11
2016/12/12 下午 2:19:31,【新北市】,ob'_'ov
2016/12/15 下午 1:05:34,【新北市】,123
2016/12/15 下午 1:07:15,【新北市】,948794狂
2016/12/16 上午 8:01:22,【連江縣】,ee
2016/12/19 上午 9:56:52,【花蓮縣】,嗯。
2016/12/24 下午 6:24:33,【花蓮縣】,恩...
2016/12/26 下午 1:37:45,【花蓮縣】,美食荒漠
2016/12/28 上午 6:23:47,【新北市】,你689你全家都689
2016/12/29 下午 12:13:51,【新北市】,你全家都689
2016/12/30 下午 3:11:46,【新北市】,689
2017/1/2 上午 9:48:44,【新北市】,哈囉
2017/1/2 下午 1:28:00,【連江縣】,大陸災民在此
2017/1/3 下午 12:34:12,【新北市】,長太帥
2017/1/3 下午 3:37:46,【新北市】,ㄚㄚㄚ
2017/1/6 上午 1:46:55,【苗栗縣】,苗栗客運不準時班次太少而且有些司機態度欠佳
2017/1/8 下午 3:32:49,【金門縣】,貢糖太好吃
2017/1/14 下午 12:18:04,【新北市】,大攔轎啦
2017/1/17 上午 9:56:41,【新北市】,呵呵呵呵
2017/1/21 上午 7:56:22,【花蓮縣】,嗯
2017/1/29 下午 6:52:01,【新竹縣】,風太大
2017/1/31 上午 6:34:54,【苗栗縣】,喔喔唷
2017/2/8 上午 6:51:17,【南投縣】,陸客不來了，害我交不到女朋友
2017/2/8 上午 6:51:39,【金門縣】,幹
2017/2/9 下午 12:27:07,【花蓮縣】,嗯。
2017/2/9 下午 12:30:18,【新北市】,地方的媽媽需要香菜
2017/2/11 下午 3:54:29,【花蓮縣】,92
2017/2/16 下午 1:57:21,【新北市】,obov
2017/2/17 上午 7:14:04,【新北市】,恕我大攔轎QQ
2017/2/26 下午 1:44:24,【花蓮縣】,路上都不插國旗了 愛國心消退